-- phpMyAdmin SQL Dump
-- version phpStudy 2014
-- http://www.phpmyadmin.net
--
-- 主机: localhost
-- 生成日期: 2017 年 04 月 21 日 17:58
-- 服务器版本: 5.5.53
-- PHP 版本: 5.4.45

SET SQL_MODE="NO_AUTO_VALUE_ON_ZERO";
SET time_zone = "+00:00";


/*!40101 SET @OLD_CHARACTER_SET_CLIENT=@@CHARACTER_SET_CLIENT */;
/*!40101 SET @OLD_CHARACTER_SET_RESULTS=@@CHARACTER_SET_RESULTS */;
/*!40101 SET @OLD_COLLATION_CONNECTION=@@COLLATION_CONNECTION */;
/*!40101 SET NAMES utf8 */;

--
-- 数据库: `beesconsole`
--

-- --------------------------------------------------------

--
-- 表的结构 `bees_acount`
--

CREATE TABLE IF NOT EXISTS `bees_acount` (
  `id` int(6) NOT NULL AUTO_INCREMENT,
  `email` varchar(100) NOT NULL COMMENT 'Mail作为帐号',
  `uname` varchar(50) NOT NULL COMMENT '帐号',
  `nickname` varchar(50) NOT NULL COMMENT '显示名称',
  `pwd` varchar(64) NOT NULL COMMENT '密码',
  `tel` varchar(30) DEFAULT NULL COMMENT '电话',
  `phone` varchar(30) DEFAULT NULL COMMENT '手机',
  `addr` varchar(100) DEFAULT NULL COMMENT '地址',
  `photo` varchar(100) DEFAULT NULL COMMENT '头像',
  `thumb` varchar(100) DEFAULT NULL COMMENT '缩略图',
  `status` int(1) NOT NULL DEFAULT '1' COMMENT '用户状态，0 禁用',
  `login_today` int(11) NOT NULL COMMENT '今日登录次数',
  `pwd_errors` int(1) NOT NULL DEFAULT '0' COMMENT '密码错误次数',
  `login_ip` varchar(25) NOT NULL COMMENT '最后登录的IP',
  `reg_time` int(11) NOT NULL COMMENT '添加时间',
  `login_time` int(11) NOT NULL COMMENT '最后一次登录时间',
  `ga` varchar(20) NOT NULL COMMENT 'GA 两部验证密钥 开启与否',
  PRIMARY KEY (`id`)
) ENGINE=MyISAM  DEFAULT CHARSET=utf8 COMMENT='前端会员帐号' AUTO_INCREMENT=2 ;

-- --------------------------------------------------------

--
-- 表的结构 `bees_article`
--

CREATE TABLE IF NOT EXISTS `bees_article` (
  `id` int(11) NOT NULL AUTO_INCREMENT COMMENT '唯一编号',
  `cid` int(11) NOT NULL COMMENT '所属栏目',
  `ccid` int(11) NOT NULL DEFAULT '0' COMMENT '栏目条目ID伪栏目',
  `sort_id` int(11) DEFAULT '0' COMMENT '排序编号',
  `audit` int(1) NOT NULL DEFAULT '0' COMMENT '0:1审核',
  `flag` int(1) NOT NULL DEFAULT '0' COMMENT '0:1推荐',
  `ctype` int(4) NOT NULL DEFAULT '0' COMMENT '默认分类',
  `type_id` int(4) DEFAULT NULL COMMENT '类型',
  `title` tinytext NOT NULL COMMENT '标题',
  `title_seo` tinytext,
  `intro` varchar(500) DEFAULT NULL COMMENT '简介(200汉字)',
  `tags` tinytext COMMENT '标签',
  `content` text COMMENT '内容',
  `timeline` int(11) DEFAULT NULL COMMENT '发布/修改时间',
  `expiretime` int(10) DEFAULT NULL COMMENT '公告过期时间',
  `status` int(1) NOT NULL DEFAULT '0' COMMENT '0:1状态,1 发布，0 草稿',
  `author` varchar(50) DEFAULT NULL COMMENT '消息作者',
  `author_url` tinytext COMMENT '作者链接',
  `source` varchar(50) DEFAULT NULL COMMENT '消息来源',
  `source_url` tinytext COMMENT '来源链接',
  `click` int(11) NOT NULL DEFAULT '0' COMMENT '浏览次数',
  `recommend` int(1) NOT NULL DEFAULT '0' COMMENT '0:1推荐到分类门户的页面显示',
  `homepage` int(1) NOT NULL DEFAULT '0' COMMENT '0:1推荐到首页显示',
  `recommend_photo` int(1) NOT NULL DEFAULT '0' COMMENT '0:1作为分类栏目的跑马灯图片新闻',
  `homepage_photo` int(1) NOT NULL DEFAULT '0' COMMENT '0:1作为首页的跑马灯图片新闻',
  `color` int(1) NOT NULL DEFAULT '0' COMMENT '突显状态/颜色',
  `photo` tinytext COMMENT '相关图片',
  `thumb` tinytext COMMENT '图片缩略图',
  `attachment` tinytext COMMENT '附件',
  PRIMARY KEY (`id`)
) ENGINE=MyISAM  DEFAULT CHARSET=utf8 COMMENT='信息表' AUTO_INCREMENT=397 ;

--
-- 转存表中的数据 `bees_article`
--

INSERT INTO `bees_article` (`id`, `cid`, `ccid`, `sort_id`, `audit`, `flag`, `ctype`, `type_id`, `title`, `title_seo`, `intro`, `tags`, `content`, `timeline`, `expiretime`, `status`, `author`, `author_url`, `source`, `source_url`, `click`, `recommend`, `homepage`, `recommend_photo`, `homepage_photo`, `color`, `photo`, `thumb`, `attachment`) VALUES
(1, 0, 0, 0, 0, 0, 0, NULL, '1492137640', NULL, NULL, NULL, NULL, NULL, NULL, 0, NULL, NULL, NULL, NULL, 0, 0, 0, 0, 0, 0, NULL, NULL, NULL),
(2, 0, 0, 0, 0, 0, 0, NULL, '1492137641', NULL, NULL, NULL, NULL, NULL, NULL, 0, NULL, NULL, NULL, NULL, 0, 0, 0, 0, 0, 0, NULL, NULL, NULL),
(3, 0, 0, 0, 0, 0, 0, NULL, '1492137642', NULL, NULL, NULL, NULL, NULL, NULL, 0, NULL, NULL, NULL, NULL, 0, 0, 0, 0, 0, 0, NULL, NULL, NULL),
(4, 0, 0, 0, 0, 0, 0, NULL, '1492137643', NULL, NULL, NULL, NULL, NULL, NULL, 0, NULL, NULL, NULL, NULL, 0, 0, 0, 0, 0, 0, NULL, NULL, NULL),
(5, 0, 0, 0, 0, 0, 0, NULL, '1492137644', NULL, NULL, NULL, NULL, NULL, NULL, 0, NULL, NULL, NULL, NULL, 0, 0, 0, 0, 0, 0, NULL, NULL, NULL),
(6, 0, 0, 0, 0, 0, 0, NULL, '1492137645', NULL, NULL, NULL, NULL, NULL, NULL, 0, NULL, NULL, NULL, NULL, 0, 0, 0, 0, 0, 0, NULL, NULL, NULL),
(7, 0, 0, 0, 0, 0, 0, NULL, '1492137646', NULL, NULL, NULL, NULL, NULL, NULL, 0, NULL, NULL, NULL, NULL, 0, 0, 0, 0, 0, 0, NULL, NULL, NULL),
(8, 0, 0, 0, 0, 0, 0, NULL, '1492137647', NULL, NULL, NULL, NULL, NULL, NULL, 0, NULL, NULL, NULL, NULL, 0, 0, 0, 0, 0, 0, NULL, NULL, NULL),
(9, 0, 0, 0, 0, 0, 0, NULL, '1492137648', NULL, NULL, NULL, NULL, NULL, NULL, 0, NULL, NULL, NULL, NULL, 0, 0, 0, 0, 0, 0, NULL, NULL, NULL),
(10, 0, 0, 0, 0, 0, 0, NULL, '1492137649', NULL, NULL, NULL, NULL, NULL, NULL, 0, NULL, NULL, NULL, NULL, 0, 0, 0, 0, 0, 0, NULL, NULL, NULL),
(11, 0, 0, 0, 0, 0, 0, NULL, '1492137650', NULL, NULL, NULL, NULL, NULL, NULL, 0, NULL, NULL, NULL, NULL, 0, 0, 0, 0, 0, 0, NULL, NULL, NULL),
(12, 0, 0, 0, 0, 0, 0, NULL, '1492137651', NULL, NULL, NULL, NULL, NULL, NULL, 0, NULL, NULL, NULL, NULL, 0, 0, 0, 0, 0, 0, NULL, NULL, NULL),
(13, 0, 0, 0, 0, 0, 0, NULL, '1492137652', NULL, NULL, NULL, NULL, NULL, NULL, 0, NULL, NULL, NULL, NULL, 0, 0, 0, 0, 0, 0, NULL, NULL, NULL),
(14, 0, 0, 0, 0, 0, 0, NULL, '1492137653', NULL, NULL, NULL, NULL, NULL, NULL, 0, NULL, NULL, NULL, NULL, 0, 0, 0, 0, 0, 0, NULL, NULL, NULL),
(15, 0, 0, 0, 0, 0, 0, NULL, '1492137654', NULL, NULL, NULL, NULL, NULL, NULL, 0, NULL, NULL, NULL, NULL, 0, 0, 0, 0, 0, 0, NULL, NULL, NULL),
(16, 0, 0, 0, 0, 0, 0, NULL, '1492137655', NULL, NULL, NULL, NULL, NULL, NULL, 0, NULL, NULL, NULL, NULL, 0, 0, 0, 0, 0, 0, NULL, NULL, NULL),
(17, 0, 0, 0, 0, 0, 0, NULL, '1492137656', NULL, NULL, NULL, NULL, NULL, NULL, 0, NULL, NULL, NULL, NULL, 0, 0, 0, 0, 0, 0, NULL, NULL, NULL),
(18, 0, 0, 0, 0, 0, 0, NULL, '1492137657', NULL, NULL, NULL, NULL, NULL, NULL, 0, NULL, NULL, NULL, NULL, 0, 0, 0, 0, 0, 0, NULL, NULL, NULL),
(19, 0, 0, 0, 0, 0, 0, NULL, '1492137658', NULL, NULL, NULL, NULL, NULL, NULL, 0, NULL, NULL, NULL, NULL, 0, 0, 0, 0, 0, 0, NULL, NULL, NULL),
(20, 0, 0, 0, 0, 0, 0, NULL, '1492137659', NULL, NULL, NULL, NULL, NULL, NULL, 0, NULL, NULL, NULL, NULL, 0, 0, 0, 0, 0, 0, NULL, NULL, NULL),
(21, 0, 0, 0, 0, 0, 0, NULL, '1492137660', NULL, NULL, NULL, NULL, NULL, NULL, 0, NULL, NULL, NULL, NULL, 0, 0, 0, 0, 0, 0, NULL, NULL, NULL),
(22, 0, 0, 0, 0, 0, 0, NULL, '1492137661', NULL, NULL, NULL, NULL, NULL, NULL, 0, NULL, NULL, NULL, NULL, 0, 0, 0, 0, 0, 0, NULL, NULL, NULL),
(23, 0, 0, 0, 0, 0, 0, NULL, '1492137662', NULL, NULL, NULL, NULL, NULL, NULL, 0, NULL, NULL, NULL, NULL, 0, 0, 0, 0, 0, 0, NULL, NULL, NULL),
(24, 0, 0, 0, 0, 0, 0, NULL, '1492137663', NULL, NULL, NULL, NULL, NULL, NULL, 0, NULL, NULL, NULL, NULL, 0, 0, 0, 0, 0, 0, NULL, NULL, NULL),
(25, 0, 0, 0, 0, 0, 0, NULL, '1492137664', NULL, NULL, NULL, NULL, NULL, NULL, 0, NULL, NULL, NULL, NULL, 0, 0, 0, 0, 0, 0, NULL, NULL, NULL),
(26, 0, 0, 0, 0, 0, 0, NULL, '1492137665', NULL, NULL, NULL, NULL, NULL, NULL, 0, NULL, NULL, NULL, NULL, 0, 0, 0, 0, 0, 0, NULL, NULL, NULL),
(27, 0, 0, 0, 0, 0, 0, NULL, '1492137666', NULL, NULL, NULL, NULL, NULL, NULL, 0, NULL, NULL, NULL, NULL, 0, 0, 0, 0, 0, 0, NULL, NULL, NULL),
(28, 0, 0, 0, 0, 0, 0, NULL, '1492137667', NULL, NULL, NULL, NULL, NULL, NULL, 0, NULL, NULL, NULL, NULL, 0, 0, 0, 0, 0, 0, NULL, NULL, NULL),
(29, 0, 0, 0, 0, 0, 0, NULL, '1492137668', NULL, NULL, NULL, NULL, NULL, NULL, 0, NULL, NULL, NULL, NULL, 0, 0, 0, 0, 0, 0, NULL, NULL, NULL),
(30, 0, 0, 0, 0, 0, 0, NULL, '1492137669', NULL, NULL, NULL, NULL, NULL, NULL, 0, NULL, NULL, NULL, NULL, 0, 0, 0, 0, 0, 0, NULL, NULL, NULL),
(31, 0, 0, 0, 0, 0, 0, NULL, '1492137670', NULL, NULL, NULL, NULL, NULL, NULL, 0, NULL, NULL, NULL, NULL, 0, 0, 0, 0, 0, 0, NULL, NULL, NULL),
(32, 0, 0, 0, 0, 0, 0, NULL, '1492137671', NULL, NULL, NULL, NULL, NULL, NULL, 0, NULL, NULL, NULL, NULL, 0, 0, 0, 0, 0, 0, NULL, NULL, NULL),
(33, 0, 0, 0, 0, 0, 0, NULL, '1492137672', NULL, NULL, NULL, NULL, NULL, NULL, 0, NULL, NULL, NULL, NULL, 0, 0, 0, 0, 0, 0, NULL, NULL, NULL),
(34, 0, 0, 0, 0, 0, 0, NULL, '1492137673', NULL, NULL, NULL, NULL, NULL, NULL, 0, NULL, NULL, NULL, NULL, 0, 0, 0, 0, 0, 0, NULL, NULL, NULL),
(35, 0, 0, 0, 0, 0, 0, NULL, '1492137674', NULL, NULL, NULL, NULL, NULL, NULL, 0, NULL, NULL, NULL, NULL, 0, 0, 0, 0, 0, 0, NULL, NULL, NULL),
(36, 0, 0, 0, 0, 0, 0, NULL, '1492137675', NULL, NULL, NULL, NULL, NULL, NULL, 0, NULL, NULL, NULL, NULL, 0, 0, 0, 0, 0, 0, NULL, NULL, NULL),
(37, 0, 0, 0, 0, 0, 0, NULL, '1492137676', NULL, NULL, NULL, NULL, NULL, NULL, 0, NULL, NULL, NULL, NULL, 0, 0, 0, 0, 0, 0, NULL, NULL, NULL),
(38, 0, 0, 0, 0, 0, 0, NULL, '1492137677', NULL, NULL, NULL, NULL, NULL, NULL, 0, NULL, NULL, NULL, NULL, 0, 0, 0, 0, 0, 0, NULL, NULL, NULL),
(39, 0, 0, 0, 0, 0, 0, NULL, '1492137678', NULL, NULL, NULL, NULL, NULL, NULL, 0, NULL, NULL, NULL, NULL, 0, 0, 0, 0, 0, 0, NULL, NULL, NULL),
(40, 0, 0, 0, 0, 0, 0, NULL, '1492137679', NULL, NULL, NULL, NULL, NULL, NULL, 0, NULL, NULL, NULL, NULL, 0, 0, 0, 0, 0, 0, NULL, NULL, NULL),
(41, 0, 0, 0, 0, 0, 0, NULL, '1492137680', NULL, NULL, NULL, NULL, NULL, NULL, 0, NULL, NULL, NULL, NULL, 0, 0, 0, 0, 0, 0, NULL, NULL, NULL),
(42, 0, 0, 0, 0, 0, 0, NULL, '1492137681', NULL, NULL, NULL, NULL, NULL, NULL, 0, NULL, NULL, NULL, NULL, 0, 0, 0, 0, 0, 0, NULL, NULL, NULL),
(43, 0, 0, 0, 0, 0, 0, NULL, '1492137682', NULL, NULL, NULL, NULL, NULL, NULL, 0, NULL, NULL, NULL, NULL, 0, 0, 0, 0, 0, 0, NULL, NULL, NULL),
(44, 0, 0, 0, 0, 0, 0, NULL, '1492137683', NULL, NULL, NULL, NULL, NULL, NULL, 0, NULL, NULL, NULL, NULL, 0, 0, 0, 0, 0, 0, NULL, NULL, NULL),
(45, 0, 0, 0, 0, 0, 0, NULL, '1492137684', NULL, NULL, NULL, NULL, NULL, NULL, 0, NULL, NULL, NULL, NULL, 0, 0, 0, 0, 0, 0, NULL, NULL, NULL),
(46, 0, 0, 0, 0, 0, 0, NULL, '1492137685', NULL, NULL, NULL, NULL, NULL, NULL, 0, NULL, NULL, NULL, NULL, 0, 0, 0, 0, 0, 0, NULL, NULL, NULL),
(47, 0, 0, 0, 0, 0, 0, NULL, '1492137686', NULL, NULL, NULL, NULL, NULL, NULL, 0, NULL, NULL, NULL, NULL, 0, 0, 0, 0, 0, 0, NULL, NULL, NULL),
(48, 0, 0, 0, 0, 0, 0, NULL, '1492137687', NULL, NULL, NULL, NULL, NULL, NULL, 0, NULL, NULL, NULL, NULL, 0, 0, 0, 0, 0, 0, NULL, NULL, NULL),
(49, 0, 0, 0, 0, 0, 0, NULL, '1492137688', NULL, NULL, NULL, NULL, NULL, NULL, 0, NULL, NULL, NULL, NULL, 0, 0, 0, 0, 0, 0, NULL, NULL, NULL),
(50, 0, 0, 0, 0, 0, 0, NULL, '1492137689', NULL, NULL, NULL, NULL, NULL, NULL, 0, NULL, NULL, NULL, NULL, 0, 0, 0, 0, 0, 0, NULL, NULL, NULL),
(51, 0, 0, 0, 0, 0, 0, NULL, '1492137690', NULL, NULL, NULL, NULL, NULL, NULL, 0, NULL, NULL, NULL, NULL, 0, 0, 0, 0, 0, 0, NULL, NULL, NULL),
(52, 0, 0, 0, 0, 0, 0, NULL, '1492137691', NULL, NULL, NULL, NULL, NULL, NULL, 0, NULL, NULL, NULL, NULL, 0, 0, 0, 0, 0, 0, NULL, NULL, NULL),
(53, 0, 0, 0, 0, 0, 0, NULL, '1492137692', NULL, NULL, NULL, NULL, NULL, NULL, 0, NULL, NULL, NULL, NULL, 0, 0, 0, 0, 0, 0, NULL, NULL, NULL),
(54, 0, 0, 0, 0, 0, 0, NULL, '1492137693', NULL, NULL, NULL, NULL, NULL, NULL, 0, NULL, NULL, NULL, NULL, 0, 0, 0, 0, 0, 0, NULL, NULL, NULL),
(55, 0, 0, 0, 0, 0, 0, NULL, '1492137694', NULL, NULL, NULL, NULL, NULL, NULL, 0, NULL, NULL, NULL, NULL, 0, 0, 0, 0, 0, 0, NULL, NULL, NULL),
(56, 0, 0, 0, 0, 0, 0, NULL, '1492137695', NULL, NULL, NULL, NULL, NULL, NULL, 0, NULL, NULL, NULL, NULL, 0, 0, 0, 0, 0, 0, NULL, NULL, NULL),
(57, 0, 0, 0, 0, 0, 0, NULL, '1492137696', NULL, NULL, NULL, NULL, NULL, NULL, 0, NULL, NULL, NULL, NULL, 0, 0, 0, 0, 0, 0, NULL, NULL, NULL),
(58, 0, 0, 0, 0, 0, 0, NULL, '1492137697', NULL, NULL, NULL, NULL, NULL, NULL, 0, NULL, NULL, NULL, NULL, 0, 0, 0, 0, 0, 0, NULL, NULL, NULL),
(59, 0, 0, 0, 0, 0, 0, NULL, '1492137698', NULL, NULL, NULL, NULL, NULL, NULL, 0, NULL, NULL, NULL, NULL, 0, 0, 0, 0, 0, 0, NULL, NULL, NULL),
(60, 0, 0, 0, 0, 0, 0, NULL, '1492137699', NULL, NULL, NULL, NULL, NULL, NULL, 0, NULL, NULL, NULL, NULL, 0, 0, 0, 0, 0, 0, NULL, NULL, NULL),
(61, 0, 0, 0, 0, 0, 0, NULL, '1492137700', NULL, NULL, NULL, NULL, NULL, NULL, 0, NULL, NULL, NULL, NULL, 0, 0, 0, 0, 0, 0, NULL, NULL, NULL),
(62, 0, 0, 0, 0, 0, 0, NULL, '1492137701', NULL, NULL, NULL, NULL, NULL, NULL, 0, NULL, NULL, NULL, NULL, 0, 0, 0, 0, 0, 0, NULL, NULL, NULL),
(63, 0, 0, 0, 0, 0, 0, NULL, '1492137702', NULL, NULL, NULL, NULL, NULL, NULL, 0, NULL, NULL, NULL, NULL, 0, 0, 0, 0, 0, 0, NULL, NULL, NULL),
(64, 0, 0, 0, 0, 0, 0, NULL, '1492137703', NULL, NULL, NULL, NULL, NULL, NULL, 0, NULL, NULL, NULL, NULL, 0, 0, 0, 0, 0, 0, NULL, NULL, NULL),
(65, 0, 0, 0, 0, 0, 0, NULL, '1492137704', NULL, NULL, NULL, NULL, NULL, NULL, 0, NULL, NULL, NULL, NULL, 0, 0, 0, 0, 0, 0, NULL, NULL, NULL),
(66, 0, 0, 0, 0, 0, 0, NULL, '1492137705', NULL, NULL, NULL, NULL, NULL, NULL, 0, NULL, NULL, NULL, NULL, 0, 0, 0, 0, 0, 0, NULL, NULL, NULL),
(67, 0, 0, 0, 0, 0, 0, NULL, '1492137706', NULL, NULL, NULL, NULL, NULL, NULL, 0, NULL, NULL, NULL, NULL, 0, 0, 0, 0, 0, 0, NULL, NULL, NULL),
(68, 0, 0, 0, 0, 0, 0, NULL, '1492137707', NULL, NULL, NULL, NULL, NULL, NULL, 0, NULL, NULL, NULL, NULL, 0, 0, 0, 0, 0, 0, NULL, NULL, NULL),
(69, 0, 0, 0, 0, 0, 0, NULL, '1492137708', NULL, NULL, NULL, NULL, NULL, NULL, 0, NULL, NULL, NULL, NULL, 0, 0, 0, 0, 0, 0, NULL, NULL, NULL),
(70, 0, 0, 0, 0, 0, 0, NULL, '1492137709', NULL, NULL, NULL, NULL, NULL, NULL, 0, NULL, NULL, NULL, NULL, 0, 0, 0, 0, 0, 0, NULL, NULL, NULL),
(71, 0, 0, 0, 0, 0, 0, NULL, '1492137710', NULL, NULL, NULL, NULL, NULL, NULL, 0, NULL, NULL, NULL, NULL, 0, 0, 0, 0, 0, 0, NULL, NULL, NULL),
(72, 0, 0, 0, 0, 0, 0, NULL, '1492137711', NULL, NULL, NULL, NULL, NULL, NULL, 0, NULL, NULL, NULL, NULL, 0, 0, 0, 0, 0, 0, NULL, NULL, NULL),
(73, 0, 0, 0, 0, 0, 0, NULL, '1492137712', NULL, NULL, NULL, NULL, NULL, NULL, 0, NULL, NULL, NULL, NULL, 0, 0, 0, 0, 0, 0, NULL, NULL, NULL),
(74, 0, 0, 0, 0, 0, 0, NULL, '1492137713', NULL, NULL, NULL, NULL, NULL, NULL, 0, NULL, NULL, NULL, NULL, 0, 0, 0, 0, 0, 0, NULL, NULL, NULL),
(75, 0, 0, 0, 0, 0, 0, NULL, '1492137714', NULL, NULL, NULL, NULL, NULL, NULL, 0, NULL, NULL, NULL, NULL, 0, 0, 0, 0, 0, 0, NULL, NULL, NULL),
(76, 0, 0, 0, 0, 0, 0, NULL, '1492137715', NULL, NULL, NULL, NULL, NULL, NULL, 0, NULL, NULL, NULL, NULL, 0, 0, 0, 0, 0, 0, NULL, NULL, NULL),
(77, 0, 0, 0, 0, 0, 0, NULL, '1492137716', NULL, NULL, NULL, NULL, NULL, NULL, 0, NULL, NULL, NULL, NULL, 0, 0, 0, 0, 0, 0, NULL, NULL, NULL),
(78, 0, 0, 0, 0, 0, 0, NULL, '1492137717', NULL, NULL, NULL, NULL, NULL, NULL, 0, NULL, NULL, NULL, NULL, 0, 0, 0, 0, 0, 0, NULL, NULL, NULL),
(79, 0, 0, 0, 0, 0, 0, NULL, '1492137718', NULL, NULL, NULL, NULL, NULL, NULL, 0, NULL, NULL, NULL, NULL, 0, 0, 0, 0, 0, 0, NULL, NULL, NULL),
(80, 0, 0, 0, 0, 0, 0, NULL, '1492137719', NULL, NULL, NULL, NULL, NULL, NULL, 0, NULL, NULL, NULL, NULL, 0, 0, 0, 0, 0, 0, NULL, NULL, NULL),
(81, 0, 0, 0, 0, 0, 0, NULL, '1492137720', NULL, NULL, NULL, NULL, NULL, NULL, 0, NULL, NULL, NULL, NULL, 0, 0, 0, 0, 0, 0, NULL, NULL, NULL),
(82, 0, 0, 0, 0, 0, 0, NULL, '1492137721', NULL, NULL, NULL, NULL, NULL, NULL, 0, NULL, NULL, NULL, NULL, 0, 0, 0, 0, 0, 0, NULL, NULL, NULL),
(83, 0, 0, 0, 0, 0, 0, NULL, '1492137722', NULL, NULL, NULL, NULL, NULL, NULL, 0, NULL, NULL, NULL, NULL, 0, 0, 0, 0, 0, 0, NULL, NULL, NULL),
(84, 0, 0, 0, 0, 0, 0, NULL, '1492137723', NULL, NULL, NULL, NULL, NULL, NULL, 0, NULL, NULL, NULL, NULL, 0, 0, 0, 0, 0, 0, NULL, NULL, NULL),
(85, 0, 0, 0, 0, 0, 0, NULL, '1492137724', NULL, NULL, NULL, NULL, NULL, NULL, 0, NULL, NULL, NULL, NULL, 0, 0, 0, 0, 0, 0, NULL, NULL, NULL),
(86, 0, 0, 0, 0, 0, 0, NULL, '1492137725', NULL, NULL, NULL, NULL, NULL, NULL, 0, NULL, NULL, NULL, NULL, 0, 0, 0, 0, 0, 0, NULL, NULL, NULL),
(87, 0, 0, 0, 0, 0, 0, NULL, '1492137726', NULL, NULL, NULL, NULL, NULL, NULL, 0, NULL, NULL, NULL, NULL, 0, 0, 0, 0, 0, 0, NULL, NULL, NULL),
(88, 0, 0, 0, 0, 0, 0, NULL, '1492137727', NULL, NULL, NULL, NULL, NULL, NULL, 0, NULL, NULL, NULL, NULL, 0, 0, 0, 0, 0, 0, NULL, NULL, NULL),
(89, 0, 0, 0, 0, 0, 0, NULL, '1492137728', NULL, NULL, NULL, NULL, NULL, NULL, 0, NULL, NULL, NULL, NULL, 0, 0, 0, 0, 0, 0, NULL, NULL, NULL),
(90, 0, 0, 0, 0, 0, 0, NULL, '1492137729', NULL, NULL, NULL, NULL, NULL, NULL, 0, NULL, NULL, NULL, NULL, 0, 0, 0, 0, 0, 0, NULL, NULL, NULL),
(91, 0, 0, 0, 0, 0, 0, NULL, '1492137730', NULL, NULL, NULL, NULL, NULL, NULL, 0, NULL, NULL, NULL, NULL, 0, 0, 0, 0, 0, 0, NULL, NULL, NULL),
(92, 0, 0, 0, 0, 0, 0, NULL, '1492137731', NULL, NULL, NULL, NULL, NULL, NULL, 0, NULL, NULL, NULL, NULL, 0, 0, 0, 0, 0, 0, NULL, NULL, NULL),
(93, 0, 0, 0, 0, 0, 0, NULL, '1492137732', NULL, NULL, NULL, NULL, NULL, NULL, 0, NULL, NULL, NULL, NULL, 0, 0, 0, 0, 0, 0, NULL, NULL, NULL),
(94, 0, 0, 0, 0, 0, 0, NULL, '1492137733', NULL, NULL, NULL, NULL, NULL, NULL, 0, NULL, NULL, NULL, NULL, 0, 0, 0, 0, 0, 0, NULL, NULL, NULL),
(95, 0, 0, 0, 0, 0, 0, NULL, '1492137734', NULL, NULL, NULL, NULL, NULL, NULL, 0, NULL, NULL, NULL, NULL, 0, 0, 0, 0, 0, 0, NULL, NULL, NULL),
(96, 0, 0, 0, 0, 0, 0, NULL, '1492137735', NULL, NULL, NULL, NULL, NULL, NULL, 0, NULL, NULL, NULL, NULL, 0, 0, 0, 0, 0, 0, NULL, NULL, NULL),
(97, 0, 0, 0, 0, 0, 0, NULL, '1492137736', NULL, NULL, NULL, NULL, NULL, NULL, 0, NULL, NULL, NULL, NULL, 0, 0, 0, 0, 0, 0, NULL, NULL, NULL),
(98, 0, 0, 0, 0, 0, 0, NULL, '1492137737', NULL, NULL, NULL, NULL, NULL, NULL, 0, NULL, NULL, NULL, NULL, 0, 0, 0, 0, 0, 0, NULL, NULL, NULL),
(99, 0, 0, 0, 0, 0, 0, NULL, '1492137738', NULL, NULL, NULL, NULL, NULL, NULL, 0, NULL, NULL, NULL, NULL, 0, 0, 0, 0, 0, 0, NULL, NULL, NULL),
(100, 0, 0, 0, 0, 0, 0, NULL, '1492137739', NULL, NULL, NULL, NULL, NULL, NULL, 0, NULL, NULL, NULL, NULL, 0, 0, 0, 0, 0, 0, NULL, NULL, NULL),
(101, 0, 0, 0, 0, 0, 0, NULL, '1492137740', NULL, NULL, NULL, NULL, NULL, NULL, 0, NULL, NULL, NULL, NULL, 0, 0, 0, 0, 0, 0, NULL, NULL, NULL),
(102, 0, 0, 0, 0, 0, 0, NULL, '1492137741', NULL, NULL, NULL, NULL, NULL, NULL, 0, NULL, NULL, NULL, NULL, 0, 0, 0, 0, 0, 0, NULL, NULL, NULL),
(103, 0, 0, 0, 0, 0, 0, NULL, '1492137742', NULL, NULL, NULL, NULL, NULL, NULL, 0, NULL, NULL, NULL, NULL, 0, 0, 0, 0, 0, 0, NULL, NULL, NULL),
(104, 0, 0, 0, 0, 0, 0, NULL, '1492137743', NULL, NULL, NULL, NULL, NULL, NULL, 0, NULL, NULL, NULL, NULL, 0, 0, 0, 0, 0, 0, NULL, NULL, NULL),
(105, 0, 0, 0, 0, 0, 0, NULL, '1492137744', NULL, NULL, NULL, NULL, NULL, NULL, 0, NULL, NULL, NULL, NULL, 0, 0, 0, 0, 0, 0, NULL, NULL, NULL),
(106, 0, 0, 0, 0, 0, 0, NULL, '1492137745', NULL, NULL, NULL, NULL, NULL, NULL, 0, NULL, NULL, NULL, NULL, 0, 0, 0, 0, 0, 0, NULL, NULL, NULL),
(107, 0, 0, 0, 0, 0, 0, NULL, '1492137746', NULL, NULL, NULL, NULL, NULL, NULL, 0, NULL, NULL, NULL, NULL, 0, 0, 0, 0, 0, 0, NULL, NULL, NULL),
(108, 0, 0, 0, 0, 0, 0, NULL, '1492137747', NULL, NULL, NULL, NULL, NULL, NULL, 0, NULL, NULL, NULL, NULL, 0, 0, 0, 0, 0, 0, NULL, NULL, NULL),
(109, 0, 0, 0, 0, 0, 0, NULL, '1492137748', NULL, NULL, NULL, NULL, NULL, NULL, 0, NULL, NULL, NULL, NULL, 0, 0, 0, 0, 0, 0, NULL, NULL, NULL),
(110, 0, 0, 0, 0, 0, 0, NULL, '1492137749', NULL, NULL, NULL, NULL, NULL, NULL, 0, NULL, NULL, NULL, NULL, 0, 0, 0, 0, 0, 0, NULL, NULL, NULL),
(111, 0, 0, 0, 0, 0, 0, NULL, '1492137750', NULL, NULL, NULL, NULL, NULL, NULL, 0, NULL, NULL, NULL, NULL, 0, 0, 0, 0, 0, 0, NULL, NULL, NULL),
(112, 0, 0, 0, 0, 0, 0, NULL, '1492137751', NULL, NULL, NULL, NULL, NULL, NULL, 0, NULL, NULL, NULL, NULL, 0, 0, 0, 0, 0, 0, NULL, NULL, NULL),
(113, 0, 0, 0, 0, 0, 0, NULL, '1492137752', NULL, NULL, NULL, NULL, NULL, NULL, 0, NULL, NULL, NULL, NULL, 0, 0, 0, 0, 0, 0, NULL, NULL, NULL),
(114, 0, 0, 0, 0, 0, 0, NULL, '1492137753', NULL, NULL, NULL, NULL, NULL, NULL, 0, NULL, NULL, NULL, NULL, 0, 0, 0, 0, 0, 0, NULL, NULL, NULL),
(115, 0, 0, 0, 0, 0, 0, NULL, '1492137754', NULL, NULL, NULL, NULL, NULL, NULL, 0, NULL, NULL, NULL, NULL, 0, 0, 0, 0, 0, 0, NULL, NULL, NULL),
(116, 0, 0, 0, 0, 0, 0, NULL, '1492137755', NULL, NULL, NULL, NULL, NULL, NULL, 0, NULL, NULL, NULL, NULL, 0, 0, 0, 0, 0, 0, NULL, NULL, NULL),
(117, 0, 0, 0, 0, 0, 0, NULL, '1492137756', NULL, NULL, NULL, NULL, NULL, NULL, 0, NULL, NULL, NULL, NULL, 0, 0, 0, 0, 0, 0, NULL, NULL, NULL),
(118, 0, 0, 0, 0, 0, 0, NULL, '1492137757', NULL, NULL, NULL, NULL, NULL, NULL, 0, NULL, NULL, NULL, NULL, 0, 0, 0, 0, 0, 0, NULL, NULL, NULL),
(119, 0, 0, 0, 0, 0, 0, NULL, '1492137758', NULL, NULL, NULL, NULL, NULL, NULL, 0, NULL, NULL, NULL, NULL, 0, 0, 0, 0, 0, 0, NULL, NULL, NULL),
(120, 0, 0, 0, 0, 0, 0, NULL, '1492137759', NULL, NULL, NULL, NULL, NULL, NULL, 0, NULL, NULL, NULL, NULL, 0, 0, 0, 0, 0, 0, NULL, NULL, NULL),
(121, 0, 0, 0, 0, 0, 0, NULL, '1492137760', NULL, NULL, NULL, NULL, NULL, NULL, 0, NULL, NULL, NULL, NULL, 0, 0, 0, 0, 0, 0, NULL, NULL, NULL),
(122, 0, 0, 0, 0, 0, 0, NULL, '1492137761', NULL, NULL, NULL, NULL, NULL, NULL, 0, NULL, NULL, NULL, NULL, 0, 0, 0, 0, 0, 0, NULL, NULL, NULL),
(123, 0, 0, 0, 0, 0, 0, NULL, '1492137762', NULL, NULL, NULL, NULL, NULL, NULL, 0, NULL, NULL, NULL, NULL, 0, 0, 0, 0, 0, 0, NULL, NULL, NULL),
(124, 0, 0, 0, 0, 0, 0, NULL, '1492137763', NULL, NULL, NULL, NULL, NULL, NULL, 0, NULL, NULL, NULL, NULL, 0, 0, 0, 0, 0, 0, NULL, NULL, NULL),
(125, 0, 0, 0, 0, 0, 0, NULL, '1492137764', NULL, NULL, NULL, NULL, NULL, NULL, 0, NULL, NULL, NULL, NULL, 0, 0, 0, 0, 0, 0, NULL, NULL, NULL),
(126, 0, 0, 0, 0, 0, 0, NULL, '1492137765', NULL, NULL, NULL, NULL, NULL, NULL, 0, NULL, NULL, NULL, NULL, 0, 0, 0, 0, 0, 0, NULL, NULL, NULL),
(127, 0, 0, 0, 0, 0, 0, NULL, '1492137766', NULL, NULL, NULL, NULL, NULL, NULL, 0, NULL, NULL, NULL, NULL, 0, 0, 0, 0, 0, 0, NULL, NULL, NULL),
(128, 0, 0, 0, 0, 0, 0, NULL, '1492137767', NULL, NULL, NULL, NULL, NULL, NULL, 0, NULL, NULL, NULL, NULL, 0, 0, 0, 0, 0, 0, NULL, NULL, NULL),
(129, 0, 0, 0, 0, 0, 0, NULL, '1492137768', NULL, NULL, NULL, NULL, NULL, NULL, 0, NULL, NULL, NULL, NULL, 0, 0, 0, 0, 0, 0, NULL, NULL, NULL),
(130, 0, 0, 0, 0, 0, 0, NULL, '1492137769', NULL, NULL, NULL, NULL, NULL, NULL, 0, NULL, NULL, NULL, NULL, 0, 0, 0, 0, 0, 0, NULL, NULL, NULL),
(131, 0, 0, 0, 0, 0, 0, NULL, '1492137770', NULL, NULL, NULL, NULL, NULL, NULL, 0, NULL, NULL, NULL, NULL, 0, 0, 0, 0, 0, 0, NULL, NULL, NULL),
(132, 0, 0, 0, 0, 0, 0, NULL, '1492137771', NULL, NULL, NULL, NULL, NULL, NULL, 0, NULL, NULL, NULL, NULL, 0, 0, 0, 0, 0, 0, NULL, NULL, NULL),
(133, 0, 0, 0, 0, 0, 0, NULL, '1492137772', NULL, NULL, NULL, NULL, NULL, NULL, 0, NULL, NULL, NULL, NULL, 0, 0, 0, 0, 0, 0, NULL, NULL, NULL),
(134, 0, 0, 0, 0, 0, 0, NULL, '1492137773', NULL, NULL, NULL, NULL, NULL, NULL, 0, NULL, NULL, NULL, NULL, 0, 0, 0, 0, 0, 0, NULL, NULL, NULL),
(135, 0, 0, 0, 0, 0, 0, NULL, '1492137774', NULL, NULL, NULL, NULL, NULL, NULL, 0, NULL, NULL, NULL, NULL, 0, 0, 0, 0, 0, 0, NULL, NULL, NULL),
(136, 0, 0, 0, 0, 0, 0, NULL, '1492137775', NULL, NULL, NULL, NULL, NULL, NULL, 0, NULL, NULL, NULL, NULL, 0, 0, 0, 0, 0, 0, NULL, NULL, NULL),
(137, 0, 0, 0, 0, 0, 0, NULL, '1492137776', NULL, NULL, NULL, NULL, NULL, NULL, 0, NULL, NULL, NULL, NULL, 0, 0, 0, 0, 0, 0, NULL, NULL, NULL),
(138, 0, 0, 0, 0, 0, 0, NULL, '1492137777', NULL, NULL, NULL, NULL, NULL, NULL, 0, NULL, NULL, NULL, NULL, 0, 0, 0, 0, 0, 0, NULL, NULL, NULL),
(139, 0, 0, 0, 0, 0, 0, NULL, '1492137778', NULL, NULL, NULL, NULL, NULL, NULL, 0, NULL, NULL, NULL, NULL, 0, 0, 0, 0, 0, 0, NULL, NULL, NULL),
(140, 0, 0, 0, 0, 0, 0, NULL, '1492137779', NULL, NULL, NULL, NULL, NULL, NULL, 0, NULL, NULL, NULL, NULL, 0, 0, 0, 0, 0, 0, NULL, NULL, NULL),
(141, 0, 0, 0, 0, 0, 0, NULL, '1492137780', NULL, NULL, NULL, NULL, NULL, NULL, 0, NULL, NULL, NULL, NULL, 0, 0, 0, 0, 0, 0, NULL, NULL, NULL),
(142, 0, 0, 0, 0, 0, 0, NULL, '1492137781', NULL, NULL, NULL, NULL, NULL, NULL, 0, NULL, NULL, NULL, NULL, 0, 0, 0, 0, 0, 0, NULL, NULL, NULL),
(143, 0, 0, 0, 0, 0, 0, NULL, '1492137782', NULL, NULL, NULL, NULL, NULL, NULL, 0, NULL, NULL, NULL, NULL, 0, 0, 0, 0, 0, 0, NULL, NULL, NULL),
(144, 0, 0, 0, 0, 0, 0, NULL, '1492137783', NULL, NULL, NULL, NULL, NULL, NULL, 0, NULL, NULL, NULL, NULL, 0, 0, 0, 0, 0, 0, NULL, NULL, NULL),
(145, 0, 0, 0, 0, 0, 0, NULL, '1492137784', NULL, NULL, NULL, NULL, NULL, NULL, 0, NULL, NULL, NULL, NULL, 0, 0, 0, 0, 0, 0, NULL, NULL, NULL),
(146, 0, 0, 0, 0, 0, 0, NULL, '1492137785', NULL, NULL, NULL, NULL, NULL, NULL, 0, NULL, NULL, NULL, NULL, 0, 0, 0, 0, 0, 0, NULL, NULL, NULL),
(147, 0, 0, 0, 0, 0, 0, NULL, '1492137786', NULL, NULL, NULL, NULL, NULL, NULL, 0, NULL, NULL, NULL, NULL, 0, 0, 0, 0, 0, 0, NULL, NULL, NULL),
(148, 0, 0, 0, 0, 0, 0, NULL, '1492137787', NULL, NULL, NULL, NULL, NULL, NULL, 0, NULL, NULL, NULL, NULL, 0, 0, 0, 0, 0, 0, NULL, NULL, NULL),
(149, 0, 0, 0, 0, 0, 0, NULL, '1492137788', NULL, NULL, NULL, NULL, NULL, NULL, 0, NULL, NULL, NULL, NULL, 0, 0, 0, 0, 0, 0, NULL, NULL, NULL),
(150, 0, 0, 0, 0, 0, 0, NULL, '1492137789', NULL, NULL, NULL, NULL, NULL, NULL, 0, NULL, NULL, NULL, NULL, 0, 0, 0, 0, 0, 0, NULL, NULL, NULL),
(151, 0, 0, 0, 0, 0, 0, NULL, '1492137790', NULL, NULL, NULL, NULL, NULL, NULL, 0, NULL, NULL, NULL, NULL, 0, 0, 0, 0, 0, 0, NULL, NULL, NULL),
(152, 0, 0, 0, 0, 0, 0, NULL, '1492137791', NULL, NULL, NULL, NULL, NULL, NULL, 0, NULL, NULL, NULL, NULL, 0, 0, 0, 0, 0, 0, NULL, NULL, NULL),
(153, 0, 0, 0, 0, 0, 0, NULL, '1492137792', NULL, NULL, NULL, NULL, NULL, NULL, 0, NULL, NULL, NULL, NULL, 0, 0, 0, 0, 0, 0, NULL, NULL, NULL),
(154, 0, 0, 0, 0, 0, 0, NULL, '1492137793', NULL, NULL, NULL, NULL, NULL, NULL, 0, NULL, NULL, NULL, NULL, 0, 0, 0, 0, 0, 0, NULL, NULL, NULL),
(155, 0, 0, 0, 0, 0, 0, NULL, '1492137794', NULL, NULL, NULL, NULL, NULL, NULL, 0, NULL, NULL, NULL, NULL, 0, 0, 0, 0, 0, 0, NULL, NULL, NULL),
(156, 0, 0, 0, 0, 0, 0, NULL, '1492137795', NULL, NULL, NULL, NULL, NULL, NULL, 0, NULL, NULL, NULL, NULL, 0, 0, 0, 0, 0, 0, NULL, NULL, NULL),
(157, 0, 0, 0, 0, 0, 0, NULL, '1492137796', NULL, NULL, NULL, NULL, NULL, NULL, 0, NULL, NULL, NULL, NULL, 0, 0, 0, 0, 0, 0, NULL, NULL, NULL),
(158, 0, 0, 0, 0, 0, 0, NULL, '1492137797', NULL, NULL, NULL, NULL, NULL, NULL, 0, NULL, NULL, NULL, NULL, 0, 0, 0, 0, 0, 0, NULL, NULL, NULL),
(159, 0, 0, 0, 0, 0, 0, NULL, '1492137798', NULL, NULL, NULL, NULL, NULL, NULL, 0, NULL, NULL, NULL, NULL, 0, 0, 0, 0, 0, 0, NULL, NULL, NULL),
(160, 0, 0, 0, 0, 0, 0, NULL, '1492137799', NULL, NULL, NULL, NULL, NULL, NULL, 0, NULL, NULL, NULL, NULL, 0, 0, 0, 0, 0, 0, NULL, NULL, NULL),
(161, 0, 0, 0, 0, 0, 0, NULL, '1492137800', NULL, NULL, NULL, NULL, NULL, NULL, 0, NULL, NULL, NULL, NULL, 0, 0, 0, 0, 0, 0, NULL, NULL, NULL),
(162, 0, 0, 0, 0, 0, 0, NULL, '1492137801', NULL, NULL, NULL, NULL, NULL, NULL, 0, NULL, NULL, NULL, NULL, 0, 0, 0, 0, 0, 0, NULL, NULL, NULL),
(163, 0, 0, 0, 0, 0, 0, NULL, '1492137802', NULL, NULL, NULL, NULL, NULL, NULL, 0, NULL, NULL, NULL, NULL, 0, 0, 0, 0, 0, 0, NULL, NULL, NULL),
(164, 0, 0, 0, 0, 0, 0, NULL, '1492137803', NULL, NULL, NULL, NULL, NULL, NULL, 0, NULL, NULL, NULL, NULL, 0, 0, 0, 0, 0, 0, NULL, NULL, NULL),
(165, 0, 0, 0, 0, 0, 0, NULL, '1492137804', NULL, NULL, NULL, NULL, NULL, NULL, 0, NULL, NULL, NULL, NULL, 0, 0, 0, 0, 0, 0, NULL, NULL, NULL),
(166, 0, 0, 0, 0, 0, 0, NULL, '1492137805', NULL, NULL, NULL, NULL, NULL, NULL, 0, NULL, NULL, NULL, NULL, 0, 0, 0, 0, 0, 0, NULL, NULL, NULL),
(167, 0, 0, 0, 0, 0, 0, NULL, '1492137806', NULL, NULL, NULL, NULL, NULL, NULL, 0, NULL, NULL, NULL, NULL, 0, 0, 0, 0, 0, 0, NULL, NULL, NULL),
(168, 0, 0, 0, 0, 0, 0, NULL, '1492137807', NULL, NULL, NULL, NULL, NULL, NULL, 0, NULL, NULL, NULL, NULL, 0, 0, 0, 0, 0, 0, NULL, NULL, NULL),
(169, 0, 0, 0, 0, 0, 0, NULL, '1492137808', NULL, NULL, NULL, NULL, NULL, NULL, 0, NULL, NULL, NULL, NULL, 0, 0, 0, 0, 0, 0, NULL, NULL, NULL),
(170, 0, 0, 0, 0, 0, 0, NULL, '1492137809', NULL, NULL, NULL, NULL, NULL, NULL, 0, NULL, NULL, NULL, NULL, 0, 0, 0, 0, 0, 0, NULL, NULL, NULL),
(171, 0, 0, 0, 0, 0, 0, NULL, '1492137810', NULL, NULL, NULL, NULL, NULL, NULL, 0, NULL, NULL, NULL, NULL, 0, 0, 0, 0, 0, 0, NULL, NULL, NULL),
(172, 0, 0, 0, 0, 0, 0, NULL, '1492137811', NULL, NULL, NULL, NULL, NULL, NULL, 0, NULL, NULL, NULL, NULL, 0, 0, 0, 0, 0, 0, NULL, NULL, NULL),
(173, 0, 0, 0, 0, 0, 0, NULL, '1492137812', NULL, NULL, NULL, NULL, NULL, NULL, 0, NULL, NULL, NULL, NULL, 0, 0, 0, 0, 0, 0, NULL, NULL, NULL),
(174, 0, 0, 0, 0, 0, 0, NULL, '1492137813', NULL, NULL, NULL, NULL, NULL, NULL, 0, NULL, NULL, NULL, NULL, 0, 0, 0, 0, 0, 0, NULL, NULL, NULL),
(175, 0, 0, 0, 0, 0, 0, NULL, '1492137814', NULL, NULL, NULL, NULL, NULL, NULL, 0, NULL, NULL, NULL, NULL, 0, 0, 0, 0, 0, 0, NULL, NULL, NULL),
(176, 0, 0, 0, 0, 0, 0, NULL, '1492137815', NULL, NULL, NULL, NULL, NULL, NULL, 0, NULL, NULL, NULL, NULL, 0, 0, 0, 0, 0, 0, NULL, NULL, NULL),
(177, 0, 0, 0, 0, 0, 0, NULL, '1492137816', NULL, NULL, NULL, NULL, NULL, NULL, 0, NULL, NULL, NULL, NULL, 0, 0, 0, 0, 0, 0, NULL, NULL, NULL),
(178, 0, 0, 0, 0, 0, 0, NULL, '1492137817', NULL, NULL, NULL, NULL, NULL, NULL, 0, NULL, NULL, NULL, NULL, 0, 0, 0, 0, 0, 0, NULL, NULL, NULL),
(179, 0, 0, 0, 0, 0, 0, NULL, '1492137818', NULL, NULL, NULL, NULL, NULL, NULL, 0, NULL, NULL, NULL, NULL, 0, 0, 0, 0, 0, 0, NULL, NULL, NULL),
(180, 0, 0, 0, 0, 0, 0, NULL, '1492137819', NULL, NULL, NULL, NULL, NULL, NULL, 0, NULL, NULL, NULL, NULL, 0, 0, 0, 0, 0, 0, NULL, NULL, NULL),
(181, 0, 0, 0, 0, 0, 0, NULL, '1492137820', NULL, NULL, NULL, NULL, NULL, NULL, 0, NULL, NULL, NULL, NULL, 0, 0, 0, 0, 0, 0, NULL, NULL, NULL),
(182, 0, 0, 0, 0, 0, 0, NULL, '1492137821', NULL, NULL, NULL, NULL, NULL, NULL, 0, NULL, NULL, NULL, NULL, 0, 0, 0, 0, 0, 0, NULL, NULL, NULL),
(183, 0, 0, 0, 0, 0, 0, NULL, '1492137822', NULL, NULL, NULL, NULL, NULL, NULL, 0, NULL, NULL, NULL, NULL, 0, 0, 0, 0, 0, 0, NULL, NULL, NULL),
(184, 0, 0, 0, 0, 0, 0, NULL, '1492137823', NULL, NULL, NULL, NULL, NULL, NULL, 0, NULL, NULL, NULL, NULL, 0, 0, 0, 0, 0, 0, NULL, NULL, NULL),
(185, 0, 0, 0, 0, 0, 0, NULL, '1492137824', NULL, NULL, NULL, NULL, NULL, NULL, 0, NULL, NULL, NULL, NULL, 0, 0, 0, 0, 0, 0, NULL, NULL, NULL),
(186, 0, 0, 0, 0, 0, 0, NULL, '1492137825', NULL, NULL, NULL, NULL, NULL, NULL, 0, NULL, NULL, NULL, NULL, 0, 0, 0, 0, 0, 0, NULL, NULL, NULL),
(187, 0, 0, 0, 0, 0, 0, NULL, '1492137826', NULL, NULL, NULL, NULL, NULL, NULL, 0, NULL, NULL, NULL, NULL, 0, 0, 0, 0, 0, 0, NULL, NULL, NULL),
(188, 0, 0, 0, 0, 0, 0, NULL, '1492137827', NULL, NULL, NULL, NULL, NULL, NULL, 0, NULL, NULL, NULL, NULL, 0, 0, 0, 0, 0, 0, NULL, NULL, NULL),
(189, 0, 0, 0, 0, 0, 0, NULL, '1492137828', NULL, NULL, NULL, NULL, NULL, NULL, 0, NULL, NULL, NULL, NULL, 0, 0, 0, 0, 0, 0, NULL, NULL, NULL),
(190, 0, 0, 0, 0, 0, 0, NULL, '1492137829', NULL, NULL, NULL, NULL, NULL, NULL, 0, NULL, NULL, NULL, NULL, 0, 0, 0, 0, 0, 0, NULL, NULL, NULL),
(191, 0, 0, 0, 0, 0, 0, NULL, '1492137830', NULL, NULL, NULL, NULL, NULL, NULL, 0, NULL, NULL, NULL, NULL, 0, 0, 0, 0, 0, 0, NULL, NULL, NULL),
(192, 0, 0, 0, 0, 0, 0, NULL, '1492137831', NULL, NULL, NULL, NULL, NULL, NULL, 0, NULL, NULL, NULL, NULL, 0, 0, 0, 0, 0, 0, NULL, NULL, NULL),
(193, 0, 0, 0, 0, 0, 0, NULL, '1492137832', NULL, NULL, NULL, NULL, NULL, NULL, 0, NULL, NULL, NULL, NULL, 0, 0, 0, 0, 0, 0, NULL, NULL, NULL),
(194, 0, 0, 0, 0, 0, 0, NULL, '1492137833', NULL, NULL, NULL, NULL, NULL, NULL, 0, NULL, NULL, NULL, NULL, 0, 0, 0, 0, 0, 0, NULL, NULL, NULL),
(195, 0, 0, 0, 0, 0, 0, NULL, '1492137834', NULL, NULL, NULL, NULL, NULL, NULL, 0, NULL, NULL, NULL, NULL, 0, 0, 0, 0, 0, 0, NULL, NULL, NULL),
(196, 0, 0, 0, 0, 0, 0, NULL, '1492137835', NULL, NULL, NULL, NULL, NULL, NULL, 0, NULL, NULL, NULL, NULL, 0, 0, 0, 0, 0, 0, NULL, NULL, NULL),
(197, 0, 0, 0, 0, 0, 0, NULL, '1492137836', NULL, NULL, NULL, NULL, NULL, NULL, 0, NULL, NULL, NULL, NULL, 0, 0, 0, 0, 0, 0, NULL, NULL, NULL),
(198, 0, 0, 0, 0, 0, 0, NULL, '1492137837', NULL, NULL, NULL, NULL, NULL, NULL, 0, NULL, NULL, NULL, NULL, 0, 0, 0, 0, 0, 0, NULL, NULL, NULL),
(199, 0, 0, 0, 0, 0, 0, NULL, '1492137838', NULL, NULL, NULL, NULL, NULL, NULL, 0, NULL, NULL, NULL, NULL, 0, 0, 0, 0, 0, 0, NULL, NULL, NULL),
(200, 0, 0, 0, 0, 0, 0, NULL, '1492137839', NULL, NULL, NULL, NULL, NULL, NULL, 0, NULL, NULL, NULL, NULL, 0, 0, 0, 0, 0, 0, NULL, NULL, NULL),
(201, 0, 0, 0, 0, 0, 0, NULL, '1492137840', NULL, NULL, NULL, NULL, NULL, NULL, 0, NULL, NULL, NULL, NULL, 0, 0, 0, 0, 0, 0, NULL, NULL, NULL),
(202, 0, 0, 0, 0, 0, 0, NULL, '1492137841', NULL, NULL, NULL, NULL, NULL, NULL, 0, NULL, NULL, NULL, NULL, 0, 0, 0, 0, 0, 0, NULL, NULL, NULL),
(203, 0, 0, 0, 0, 0, 0, NULL, '1492137842', NULL, NULL, NULL, NULL, NULL, NULL, 0, NULL, NULL, NULL, NULL, 0, 0, 0, 0, 0, 0, NULL, NULL, NULL),
(204, 0, 0, 0, 0, 0, 0, NULL, '1492137843', NULL, NULL, NULL, NULL, NULL, NULL, 0, NULL, NULL, NULL, NULL, 0, 0, 0, 0, 0, 0, NULL, NULL, NULL),
(205, 0, 0, 0, 0, 0, 0, NULL, '1492137844', NULL, NULL, NULL, NULL, NULL, NULL, 0, NULL, NULL, NULL, NULL, 0, 0, 0, 0, 0, 0, NULL, NULL, NULL),
(206, 0, 0, 0, 0, 0, 0, NULL, '1492137845', NULL, NULL, NULL, NULL, NULL, NULL, 0, NULL, NULL, NULL, NULL, 0, 0, 0, 0, 0, 0, NULL, NULL, NULL),
(207, 0, 0, 0, 0, 0, 0, NULL, '1492137846', NULL, NULL, NULL, NULL, NULL, NULL, 0, NULL, NULL, NULL, NULL, 0, 0, 0, 0, 0, 0, NULL, NULL, NULL),
(208, 0, 0, 0, 0, 0, 0, NULL, '1492137847', NULL, NULL, NULL, NULL, NULL, NULL, 0, NULL, NULL, NULL, NULL, 0, 0, 0, 0, 0, 0, NULL, NULL, NULL),
(209, 0, 0, 0, 0, 0, 0, NULL, '1492137848', NULL, NULL, NULL, NULL, NULL, NULL, 0, NULL, NULL, NULL, NULL, 0, 0, 0, 0, 0, 0, NULL, NULL, NULL),
(210, 0, 0, 0, 0, 0, 0, NULL, '1492137849', NULL, NULL, NULL, NULL, NULL, NULL, 0, NULL, NULL, NULL, NULL, 0, 0, 0, 0, 0, 0, NULL, NULL, NULL),
(211, 0, 0, 0, 0, 0, 0, NULL, '1492137850', NULL, NULL, NULL, NULL, NULL, NULL, 0, NULL, NULL, NULL, NULL, 0, 0, 0, 0, 0, 0, NULL, NULL, NULL),
(212, 0, 0, 0, 0, 0, 0, NULL, '1492137851', NULL, NULL, NULL, NULL, NULL, NULL, 0, NULL, NULL, NULL, NULL, 0, 0, 0, 0, 0, 0, NULL, NULL, NULL),
(213, 0, 0, 0, 0, 0, 0, NULL, '1492137852', NULL, NULL, NULL, NULL, NULL, NULL, 0, NULL, NULL, NULL, NULL, 0, 0, 0, 0, 0, 0, NULL, NULL, NULL),
(214, 0, 0, 0, 0, 0, 0, NULL, '1492137853', NULL, NULL, NULL, NULL, NULL, NULL, 0, NULL, NULL, NULL, NULL, 0, 0, 0, 0, 0, 0, NULL, NULL, NULL),
(215, 0, 0, 0, 0, 0, 0, NULL, '1492137854', NULL, NULL, NULL, NULL, NULL, NULL, 0, NULL, NULL, NULL, NULL, 0, 0, 0, 0, 0, 0, NULL, NULL, NULL),
(216, 0, 0, 0, 0, 0, 0, NULL, '1492137855', NULL, NULL, NULL, NULL, NULL, NULL, 0, NULL, NULL, NULL, NULL, 0, 0, 0, 0, 0, 0, NULL, NULL, NULL),
(217, 0, 0, 0, 0, 0, 0, NULL, '1492137856', NULL, NULL, NULL, NULL, NULL, NULL, 0, NULL, NULL, NULL, NULL, 0, 0, 0, 0, 0, 0, NULL, NULL, NULL),
(218, 0, 0, 0, 0, 0, 0, NULL, '1492137857', NULL, NULL, NULL, NULL, NULL, NULL, 0, NULL, NULL, NULL, NULL, 0, 0, 0, 0, 0, 0, NULL, NULL, NULL),
(219, 0, 0, 0, 0, 0, 0, NULL, '1492137858', NULL, NULL, NULL, NULL, NULL, NULL, 0, NULL, NULL, NULL, NULL, 0, 0, 0, 0, 0, 0, NULL, NULL, NULL),
(220, 0, 0, 0, 0, 0, 0, NULL, '1492137859', NULL, NULL, NULL, NULL, NULL, NULL, 0, NULL, NULL, NULL, NULL, 0, 0, 0, 0, 0, 0, NULL, NULL, NULL),
(221, 0, 0, 0, 0, 0, 0, NULL, '1492137860', NULL, NULL, NULL, NULL, NULL, NULL, 0, NULL, NULL, NULL, NULL, 0, 0, 0, 0, 0, 0, NULL, NULL, NULL),
(222, 0, 0, 0, 0, 0, 0, NULL, '1492137861', NULL, NULL, NULL, NULL, NULL, NULL, 0, NULL, NULL, NULL, NULL, 0, 0, 0, 0, 0, 0, NULL, NULL, NULL),
(223, 0, 0, 0, 0, 0, 0, NULL, '1492137862', NULL, NULL, NULL, NULL, NULL, NULL, 0, NULL, NULL, NULL, NULL, 0, 0, 0, 0, 0, 0, NULL, NULL, NULL),
(224, 0, 0, 0, 0, 0, 0, NULL, '1492137863', NULL, NULL, NULL, NULL, NULL, NULL, 0, NULL, NULL, NULL, NULL, 0, 0, 0, 0, 0, 0, NULL, NULL, NULL),
(225, 0, 0, 0, 0, 0, 0, NULL, '1492137864', NULL, NULL, NULL, NULL, NULL, NULL, 0, NULL, NULL, NULL, NULL, 0, 0, 0, 0, 0, 0, NULL, NULL, NULL),
(226, 0, 0, 0, 0, 0, 0, NULL, '1492137865', NULL, NULL, NULL, NULL, NULL, NULL, 0, NULL, NULL, NULL, NULL, 0, 0, 0, 0, 0, 0, NULL, NULL, NULL),
(227, 0, 0, 0, 0, 0, 0, NULL, '1492137866', NULL, NULL, NULL, NULL, NULL, NULL, 0, NULL, NULL, NULL, NULL, 0, 0, 0, 0, 0, 0, NULL, NULL, NULL),
(228, 0, 0, 0, 0, 0, 0, NULL, '1492137867', NULL, NULL, NULL, NULL, NULL, NULL, 0, NULL, NULL, NULL, NULL, 0, 0, 0, 0, 0, 0, NULL, NULL, NULL),
(229, 0, 0, 0, 0, 0, 0, NULL, '1492137868', NULL, NULL, NULL, NULL, NULL, NULL, 0, NULL, NULL, NULL, NULL, 0, 0, 0, 0, 0, 0, NULL, NULL, NULL),
(230, 0, 0, 0, 0, 0, 0, NULL, '1492137869', NULL, NULL, NULL, NULL, NULL, NULL, 0, NULL, NULL, NULL, NULL, 0, 0, 0, 0, 0, 0, NULL, NULL, NULL),
(231, 0, 0, 0, 0, 0, 0, NULL, '1492137870', NULL, NULL, NULL, NULL, NULL, NULL, 0, NULL, NULL, NULL, NULL, 0, 0, 0, 0, 0, 0, NULL, NULL, NULL),
(232, 0, 0, 0, 0, 0, 0, NULL, '1492137871', NULL, NULL, NULL, NULL, NULL, NULL, 0, NULL, NULL, NULL, NULL, 0, 0, 0, 0, 0, 0, NULL, NULL, NULL),
(233, 0, 0, 0, 0, 0, 0, NULL, '1492137872', NULL, NULL, NULL, NULL, NULL, NULL, 0, NULL, NULL, NULL, NULL, 0, 0, 0, 0, 0, 0, NULL, NULL, NULL),
(234, 0, 0, 0, 0, 0, 0, NULL, '1492137873', NULL, NULL, NULL, NULL, NULL, NULL, 0, NULL, NULL, NULL, NULL, 0, 0, 0, 0, 0, 0, NULL, NULL, NULL),
(235, 0, 0, 0, 0, 0, 0, NULL, '1492137874', NULL, NULL, NULL, NULL, NULL, NULL, 0, NULL, NULL, NULL, NULL, 0, 0, 0, 0, 0, 0, NULL, NULL, NULL),
(236, 0, 0, 0, 0, 0, 0, NULL, '1492137875', NULL, NULL, NULL, NULL, NULL, NULL, 0, NULL, NULL, NULL, NULL, 0, 0, 0, 0, 0, 0, NULL, NULL, NULL),
(237, 0, 0, 0, 0, 0, 0, NULL, '1492137876', NULL, NULL, NULL, NULL, NULL, NULL, 0, NULL, NULL, NULL, NULL, 0, 0, 0, 0, 0, 0, NULL, NULL, NULL),
(238, 0, 0, 0, 0, 0, 0, NULL, '1492137877', NULL, NULL, NULL, NULL, NULL, NULL, 0, NULL, NULL, NULL, NULL, 0, 0, 0, 0, 0, 0, NULL, NULL, NULL),
(239, 0, 0, 0, 0, 0, 0, NULL, '1492137878', NULL, NULL, NULL, NULL, NULL, NULL, 0, NULL, NULL, NULL, NULL, 0, 0, 0, 0, 0, 0, NULL, NULL, NULL),
(240, 0, 0, 0, 0, 0, 0, NULL, '1492137879', NULL, NULL, NULL, NULL, NULL, NULL, 0, NULL, NULL, NULL, NULL, 0, 0, 0, 0, 0, 0, NULL, NULL, NULL),
(241, 0, 0, 0, 0, 0, 0, NULL, '1492137880', NULL, NULL, NULL, NULL, NULL, NULL, 0, NULL, NULL, NULL, NULL, 0, 0, 0, 0, 0, 0, NULL, NULL, NULL),
(242, 0, 0, 0, 0, 0, 0, NULL, '1492137881', NULL, NULL, NULL, NULL, NULL, NULL, 0, NULL, NULL, NULL, NULL, 0, 0, 0, 0, 0, 0, NULL, NULL, NULL),
(243, 0, 0, 0, 0, 0, 0, NULL, '1492137882', NULL, NULL, NULL, NULL, NULL, NULL, 0, NULL, NULL, NULL, NULL, 0, 0, 0, 0, 0, 0, NULL, NULL, NULL),
(244, 0, 0, 0, 0, 0, 0, NULL, '1492137883', NULL, NULL, NULL, NULL, NULL, NULL, 0, NULL, NULL, NULL, NULL, 0, 0, 0, 0, 0, 0, NULL, NULL, NULL),
(245, 0, 0, 0, 0, 0, 0, NULL, '1492137884', NULL, NULL, NULL, NULL, NULL, NULL, 0, NULL, NULL, NULL, NULL, 0, 0, 0, 0, 0, 0, NULL, NULL, NULL),
(246, 0, 0, 0, 0, 0, 0, NULL, '1492137885', NULL, NULL, NULL, NULL, NULL, NULL, 0, NULL, NULL, NULL, NULL, 0, 0, 0, 0, 0, 0, NULL, NULL, NULL),
(247, 0, 0, 0, 0, 0, 0, NULL, '1492137886', NULL, NULL, NULL, NULL, NULL, NULL, 0, NULL, NULL, NULL, NULL, 0, 0, 0, 0, 0, 0, NULL, NULL, NULL),
(248, 0, 0, 0, 0, 0, 0, NULL, '1492137887', NULL, NULL, NULL, NULL, NULL, NULL, 0, NULL, NULL, NULL, NULL, 0, 0, 0, 0, 0, 0, NULL, NULL, NULL),
(249, 0, 0, 0, 0, 0, 0, NULL, '1492137888', NULL, NULL, NULL, NULL, NULL, NULL, 0, NULL, NULL, NULL, NULL, 0, 0, 0, 0, 0, 0, NULL, NULL, NULL),
(250, 0, 0, 0, 0, 0, 0, NULL, '1492137889', NULL, NULL, NULL, NULL, NULL, NULL, 0, NULL, NULL, NULL, NULL, 0, 0, 0, 0, 0, 0, NULL, NULL, NULL),
(251, 0, 0, 0, 0, 0, 0, NULL, '1492137890', NULL, NULL, NULL, NULL, NULL, NULL, 0, NULL, NULL, NULL, NULL, 0, 0, 0, 0, 0, 0, NULL, NULL, NULL),
(252, 0, 0, 0, 0, 0, 0, NULL, '1492137891', NULL, NULL, NULL, NULL, NULL, NULL, 0, NULL, NULL, NULL, NULL, 0, 0, 0, 0, 0, 0, NULL, NULL, NULL),
(253, 0, 0, 0, 0, 0, 0, NULL, '1492137892', NULL, NULL, NULL, NULL, NULL, NULL, 0, NULL, NULL, NULL, NULL, 0, 0, 0, 0, 0, 0, NULL, NULL, NULL),
(254, 0, 0, 0, 0, 0, 0, NULL, '1492137893', NULL, NULL, NULL, NULL, NULL, NULL, 0, NULL, NULL, NULL, NULL, 0, 0, 0, 0, 0, 0, NULL, NULL, NULL),
(255, 0, 0, 0, 0, 0, 0, NULL, '1492137894', NULL, NULL, NULL, NULL, NULL, NULL, 0, NULL, NULL, NULL, NULL, 0, 0, 0, 0, 0, 0, NULL, NULL, NULL),
(256, 0, 0, 0, 0, 0, 0, NULL, '1492137895', NULL, NULL, NULL, NULL, NULL, NULL, 0, NULL, NULL, NULL, NULL, 0, 0, 0, 0, 0, 0, NULL, NULL, NULL),
(257, 0, 0, 0, 0, 0, 0, NULL, '1492137896', NULL, NULL, NULL, NULL, NULL, NULL, 0, NULL, NULL, NULL, NULL, 0, 0, 0, 0, 0, 0, NULL, NULL, NULL),
(258, 0, 0, 0, 0, 0, 0, NULL, '1492137897', NULL, NULL, NULL, NULL, NULL, NULL, 0, NULL, NULL, NULL, NULL, 0, 0, 0, 0, 0, 0, NULL, NULL, NULL),
(259, 0, 0, 0, 0, 0, 0, NULL, '1492137898', NULL, NULL, NULL, NULL, NULL, NULL, 0, NULL, NULL, NULL, NULL, 0, 0, 0, 0, 0, 0, NULL, NULL, NULL),
(260, 0, 0, 0, 0, 0, 0, NULL, '1492137899', NULL, NULL, NULL, NULL, NULL, NULL, 0, NULL, NULL, NULL, NULL, 0, 0, 0, 0, 0, 0, NULL, NULL, NULL),
(261, 0, 0, 0, 0, 0, 0, NULL, '1492137900', NULL, NULL, NULL, NULL, NULL, NULL, 0, NULL, NULL, NULL, NULL, 0, 0, 0, 0, 0, 0, NULL, NULL, NULL),
(262, 0, 0, 0, 0, 0, 0, NULL, '1492137901', NULL, NULL, NULL, NULL, NULL, NULL, 0, NULL, NULL, NULL, NULL, 0, 0, 0, 0, 0, 0, NULL, NULL, NULL),
(263, 0, 0, 0, 0, 0, 0, NULL, '1492137902', NULL, NULL, NULL, NULL, NULL, NULL, 0, NULL, NULL, NULL, NULL, 0, 0, 0, 0, 0, 0, NULL, NULL, NULL),
(264, 0, 0, 0, 0, 0, 0, NULL, '1492137903', NULL, NULL, NULL, NULL, NULL, NULL, 0, NULL, NULL, NULL, NULL, 0, 0, 0, 0, 0, 0, NULL, NULL, NULL),
(265, 0, 0, 0, 0, 0, 0, NULL, '1492137904', NULL, NULL, NULL, NULL, NULL, NULL, 0, NULL, NULL, NULL, NULL, 0, 0, 0, 0, 0, 0, NULL, NULL, NULL),
(266, 0, 0, 0, 0, 0, 0, NULL, '1492137905', NULL, NULL, NULL, NULL, NULL, NULL, 0, NULL, NULL, NULL, NULL, 0, 0, 0, 0, 0, 0, NULL, NULL, NULL),
(267, 0, 0, 0, 0, 0, 0, NULL, '1492137906', NULL, NULL, NULL, NULL, NULL, NULL, 0, NULL, NULL, NULL, NULL, 0, 0, 0, 0, 0, 0, NULL, NULL, NULL),
(268, 0, 0, 0, 0, 0, 0, NULL, '1492137907', NULL, NULL, NULL, NULL, NULL, NULL, 0, NULL, NULL, NULL, NULL, 0, 0, 0, 0, 0, 0, NULL, NULL, NULL),
(269, 0, 0, 0, 0, 0, 0, NULL, '1492137908', NULL, NULL, NULL, NULL, NULL, NULL, 0, NULL, NULL, NULL, NULL, 0, 0, 0, 0, 0, 0, NULL, NULL, NULL),
(270, 0, 0, 0, 0, 0, 0, NULL, '1492137909', NULL, NULL, NULL, NULL, NULL, NULL, 0, NULL, NULL, NULL, NULL, 0, 0, 0, 0, 0, 0, NULL, NULL, NULL),
(271, 0, 0, 0, 0, 0, 0, NULL, '1492137910', NULL, NULL, NULL, NULL, NULL, NULL, 0, NULL, NULL, NULL, NULL, 0, 0, 0, 0, 0, 0, NULL, NULL, NULL),
(272, 0, 0, 0, 0, 0, 0, NULL, '1492137911', NULL, NULL, NULL, NULL, NULL, NULL, 0, NULL, NULL, NULL, NULL, 0, 0, 0, 0, 0, 0, NULL, NULL, NULL),
(273, 0, 0, 0, 0, 0, 0, NULL, '1492137912', NULL, NULL, NULL, NULL, NULL, NULL, 0, NULL, NULL, NULL, NULL, 0, 0, 0, 0, 0, 0, NULL, NULL, NULL),
(274, 0, 0, 0, 0, 0, 0, NULL, '1492137913', NULL, NULL, NULL, NULL, NULL, NULL, 0, NULL, NULL, NULL, NULL, 0, 0, 0, 0, 0, 0, NULL, NULL, NULL),
(275, 0, 0, 0, 0, 0, 0, NULL, '1492137914', NULL, NULL, NULL, NULL, NULL, NULL, 0, NULL, NULL, NULL, NULL, 0, 0, 0, 0, 0, 0, NULL, NULL, NULL),
(276, 0, 0, 0, 0, 0, 0, NULL, '1492137915', NULL, NULL, NULL, NULL, NULL, NULL, 0, NULL, NULL, NULL, NULL, 0, 0, 0, 0, 0, 0, NULL, NULL, NULL),
(277, 0, 0, 0, 0, 0, 0, NULL, '1492137916', NULL, NULL, NULL, NULL, NULL, NULL, 0, NULL, NULL, NULL, NULL, 0, 0, 0, 0, 0, 0, NULL, NULL, NULL),
(278, 0, 0, 0, 0, 0, 0, NULL, '1492137917', NULL, NULL, NULL, NULL, NULL, NULL, 0, NULL, NULL, NULL, NULL, 0, 0, 0, 0, 0, 0, NULL, NULL, NULL),
(279, 0, 0, 0, 0, 0, 0, NULL, '1492137918', NULL, NULL, NULL, NULL, NULL, NULL, 0, NULL, NULL, NULL, NULL, 0, 0, 0, 0, 0, 0, NULL, NULL, NULL),
(280, 0, 0, 0, 0, 0, 0, NULL, '1492137919', NULL, NULL, NULL, NULL, NULL, NULL, 0, NULL, NULL, NULL, NULL, 0, 0, 0, 0, 0, 0, NULL, NULL, NULL),
(281, 0, 0, 0, 0, 0, 0, NULL, '1492137920', NULL, NULL, NULL, NULL, NULL, NULL, 0, NULL, NULL, NULL, NULL, 0, 0, 0, 0, 0, 0, NULL, NULL, NULL),
(282, 0, 0, 0, 0, 0, 0, NULL, '1492137921', NULL, NULL, NULL, NULL, NULL, NULL, 0, NULL, NULL, NULL, NULL, 0, 0, 0, 0, 0, 0, NULL, NULL, NULL),
(283, 0, 0, 0, 0, 0, 0, NULL, '1492137922', NULL, NULL, NULL, NULL, NULL, NULL, 0, NULL, NULL, NULL, NULL, 0, 0, 0, 0, 0, 0, NULL, NULL, NULL),
(284, 0, 0, 0, 0, 0, 0, NULL, '1492137923', NULL, NULL, NULL, NULL, NULL, NULL, 0, NULL, NULL, NULL, NULL, 0, 0, 0, 0, 0, 0, NULL, NULL, NULL),
(285, 0, 0, 0, 0, 0, 0, NULL, '1492137924', NULL, NULL, NULL, NULL, NULL, NULL, 0, NULL, NULL, NULL, NULL, 0, 0, 0, 0, 0, 0, NULL, NULL, NULL),
(286, 0, 0, 0, 0, 0, 0, NULL, '1492137925', NULL, NULL, NULL, NULL, NULL, NULL, 0, NULL, NULL, NULL, NULL, 0, 0, 0, 0, 0, 0, NULL, NULL, NULL),
(287, 0, 0, 0, 0, 0, 0, NULL, '1492137926', NULL, NULL, NULL, NULL, NULL, NULL, 0, NULL, NULL, NULL, NULL, 0, 0, 0, 0, 0, 0, NULL, NULL, NULL),
(288, 0, 0, 0, 0, 0, 0, NULL, '1492137927', NULL, NULL, NULL, NULL, NULL, NULL, 0, NULL, NULL, NULL, NULL, 0, 0, 0, 0, 0, 0, NULL, NULL, NULL),
(289, 0, 0, 0, 0, 0, 0, NULL, '1492137928', NULL, NULL, NULL, NULL, NULL, NULL, 0, NULL, NULL, NULL, NULL, 0, 0, 0, 0, 0, 0, NULL, NULL, NULL),
(290, 0, 0, 0, 0, 0, 0, NULL, '1492137929', NULL, NULL, NULL, NULL, NULL, NULL, 0, NULL, NULL, NULL, NULL, 0, 0, 0, 0, 0, 0, NULL, NULL, NULL),
(291, 0, 0, 0, 0, 0, 0, NULL, '1492137930', NULL, NULL, NULL, NULL, NULL, NULL, 0, NULL, NULL, NULL, NULL, 0, 0, 0, 0, 0, 0, NULL, NULL, NULL),
(292, 0, 0, 0, 0, 0, 0, NULL, '1492137931', NULL, NULL, NULL, NULL, NULL, NULL, 0, NULL, NULL, NULL, NULL, 0, 0, 0, 0, 0, 0, NULL, NULL, NULL),
(293, 0, 0, 0, 0, 0, 0, NULL, '1492137932', NULL, NULL, NULL, NULL, NULL, NULL, 0, NULL, NULL, NULL, NULL, 0, 0, 0, 0, 0, 0, NULL, NULL, NULL),
(294, 0, 0, 0, 0, 0, 0, NULL, '1492137933', NULL, NULL, NULL, NULL, NULL, NULL, 0, NULL, NULL, NULL, NULL, 0, 0, 0, 0, 0, 0, NULL, NULL, NULL),
(295, 0, 0, 0, 0, 0, 0, NULL, '1492137934', NULL, NULL, NULL, NULL, NULL, NULL, 0, NULL, NULL, NULL, NULL, 0, 0, 0, 0, 0, 0, NULL, NULL, NULL),
(296, 0, 0, 0, 0, 0, 0, NULL, '1492137935', NULL, NULL, NULL, NULL, NULL, NULL, 0, NULL, NULL, NULL, NULL, 0, 0, 0, 0, 0, 0, NULL, NULL, NULL),
(297, 0, 0, 0, 0, 0, 0, NULL, '1492137936', NULL, NULL, NULL, NULL, NULL, NULL, 0, NULL, NULL, NULL, NULL, 0, 0, 0, 0, 0, 0, NULL, NULL, NULL),
(298, 0, 0, 0, 0, 0, 0, NULL, '1492137937', NULL, NULL, NULL, NULL, NULL, NULL, 0, NULL, NULL, NULL, NULL, 0, 0, 0, 0, 0, 0, NULL, NULL, NULL),
(299, 0, 0, 0, 0, 0, 0, NULL, '1492137938', NULL, NULL, NULL, NULL, NULL, NULL, 0, NULL, NULL, NULL, NULL, 0, 0, 0, 0, 0, 0, NULL, NULL, NULL),
(300, 0, 0, 0, 0, 0, 0, NULL, '1492137939', NULL, NULL, NULL, NULL, NULL, NULL, 0, NULL, NULL, NULL, NULL, 0, 0, 0, 0, 0, 0, NULL, NULL, NULL),
(301, 0, 0, 0, 0, 0, 0, NULL, '1492137940', NULL, NULL, NULL, NULL, NULL, NULL, 0, NULL, NULL, NULL, NULL, 0, 0, 0, 0, 0, 0, NULL, NULL, NULL),
(302, 0, 0, 0, 0, 0, 0, NULL, '1492137941', NULL, NULL, NULL, NULL, NULL, NULL, 0, NULL, NULL, NULL, NULL, 0, 0, 0, 0, 0, 0, NULL, NULL, NULL),
(303, 0, 0, 0, 0, 0, 0, NULL, '1492137942', NULL, NULL, NULL, NULL, NULL, NULL, 0, NULL, NULL, NULL, NULL, 0, 0, 0, 0, 0, 0, NULL, NULL, NULL),
(304, 0, 0, 0, 0, 0, 0, NULL, '1492137943', NULL, NULL, NULL, NULL, NULL, NULL, 0, NULL, NULL, NULL, NULL, 0, 0, 0, 0, 0, 0, NULL, NULL, NULL),
(305, 0, 0, 0, 0, 0, 0, NULL, '1492137944', NULL, NULL, NULL, NULL, NULL, NULL, 0, NULL, NULL, NULL, NULL, 0, 0, 0, 0, 0, 0, NULL, NULL, NULL),
(306, 0, 0, 0, 0, 0, 0, NULL, '1492137945', NULL, NULL, NULL, NULL, NULL, NULL, 0, NULL, NULL, NULL, NULL, 0, 0, 0, 0, 0, 0, NULL, NULL, NULL),
(307, 0, 0, 0, 0, 0, 0, NULL, '1492137946', NULL, NULL, NULL, NULL, NULL, NULL, 0, NULL, NULL, NULL, NULL, 0, 0, 0, 0, 0, 0, NULL, NULL, NULL),
(308, 0, 0, 0, 0, 0, 0, NULL, '1492137947', NULL, NULL, NULL, NULL, NULL, NULL, 0, NULL, NULL, NULL, NULL, 0, 0, 0, 0, 0, 0, NULL, NULL, NULL),
(309, 0, 0, 0, 0, 0, 0, NULL, '1492137948', NULL, NULL, NULL, NULL, NULL, NULL, 0, NULL, NULL, NULL, NULL, 0, 0, 0, 0, 0, 0, NULL, NULL, NULL),
(310, 0, 0, 0, 0, 0, 0, NULL, '1492137949', NULL, NULL, NULL, NULL, NULL, NULL, 0, NULL, NULL, NULL, NULL, 0, 0, 0, 0, 0, 0, NULL, NULL, NULL),
(311, 0, 0, 0, 0, 0, 0, NULL, '1492137950', NULL, NULL, NULL, NULL, NULL, NULL, 0, NULL, NULL, NULL, NULL, 0, 0, 0, 0, 0, 0, NULL, NULL, NULL),
(312, 0, 0, 0, 0, 0, 0, NULL, '1492137951', NULL, NULL, NULL, NULL, NULL, NULL, 0, NULL, NULL, NULL, NULL, 0, 0, 0, 0, 0, 0, NULL, NULL, NULL),
(313, 0, 0, 0, 0, 0, 0, NULL, '1492137952', NULL, NULL, NULL, NULL, NULL, NULL, 0, NULL, NULL, NULL, NULL, 0, 0, 0, 0, 0, 0, NULL, NULL, NULL),
(314, 0, 0, 0, 0, 0, 0, NULL, '1492137953', NULL, NULL, NULL, NULL, NULL, NULL, 0, NULL, NULL, NULL, NULL, 0, 0, 0, 0, 0, 0, NULL, NULL, NULL),
(315, 0, 0, 0, 0, 0, 0, NULL, '1492137954', NULL, NULL, NULL, NULL, NULL, NULL, 0, NULL, NULL, NULL, NULL, 0, 0, 0, 0, 0, 0, NULL, NULL, NULL),
(316, 0, 0, 0, 0, 0, 0, NULL, '1492137955', NULL, NULL, NULL, NULL, NULL, NULL, 0, NULL, NULL, NULL, NULL, 0, 0, 0, 0, 0, 0, NULL, NULL, NULL),
(317, 0, 0, 0, 0, 0, 0, NULL, '1492137956', NULL, NULL, NULL, NULL, NULL, NULL, 0, NULL, NULL, NULL, NULL, 0, 0, 0, 0, 0, 0, NULL, NULL, NULL),
(318, 0, 0, 0, 0, 0, 0, NULL, '1492137957', NULL, NULL, NULL, NULL, NULL, NULL, 0, NULL, NULL, NULL, NULL, 0, 0, 0, 0, 0, 0, NULL, NULL, NULL),
(319, 0, 0, 0, 0, 0, 0, NULL, '1492137958', NULL, NULL, NULL, NULL, NULL, NULL, 0, NULL, NULL, NULL, NULL, 0, 0, 0, 0, 0, 0, NULL, NULL, NULL),
(320, 0, 0, 0, 0, 0, 0, NULL, '1492137959', NULL, NULL, NULL, NULL, NULL, NULL, 0, NULL, NULL, NULL, NULL, 0, 0, 0, 0, 0, 0, NULL, NULL, NULL),
(321, 0, 0, 0, 0, 0, 0, NULL, '1492137960', NULL, NULL, NULL, NULL, NULL, NULL, 0, NULL, NULL, NULL, NULL, 0, 0, 0, 0, 0, 0, NULL, NULL, NULL),
(322, 0, 0, 0, 0, 0, 0, NULL, '1492137961', NULL, NULL, NULL, NULL, NULL, NULL, 0, NULL, NULL, NULL, NULL, 0, 0, 0, 0, 0, 0, NULL, NULL, NULL),
(323, 0, 0, 0, 0, 0, 0, NULL, '1492137962', NULL, NULL, NULL, NULL, NULL, NULL, 0, NULL, NULL, NULL, NULL, 0, 0, 0, 0, 0, 0, NULL, NULL, NULL),
(324, 0, 0, 0, 0, 0, 0, NULL, '1492137963', NULL, NULL, NULL, NULL, NULL, NULL, 0, NULL, NULL, NULL, NULL, 0, 0, 0, 0, 0, 0, NULL, NULL, NULL),
(325, 0, 0, 0, 0, 0, 0, NULL, '1492137964', NULL, NULL, NULL, NULL, NULL, NULL, 0, NULL, NULL, NULL, NULL, 0, 0, 0, 0, 0, 0, NULL, NULL, NULL),
(326, 0, 0, 0, 0, 0, 0, NULL, '1492137965', NULL, NULL, NULL, NULL, NULL, NULL, 0, NULL, NULL, NULL, NULL, 0, 0, 0, 0, 0, 0, NULL, NULL, NULL),
(327, 0, 0, 0, 0, 0, 0, NULL, '1492137966', NULL, NULL, NULL, NULL, NULL, NULL, 0, NULL, NULL, NULL, NULL, 0, 0, 0, 0, 0, 0, NULL, NULL, NULL),
(328, 0, 0, 0, 0, 0, 0, NULL, '1492137967', NULL, NULL, NULL, NULL, NULL, NULL, 0, NULL, NULL, NULL, NULL, 0, 0, 0, 0, 0, 0, NULL, NULL, NULL),
(329, 0, 0, 0, 0, 0, 0, NULL, '1492137968', NULL, NULL, NULL, NULL, NULL, NULL, 0, NULL, NULL, NULL, NULL, 0, 0, 0, 0, 0, 0, NULL, NULL, NULL),
(330, 0, 0, 0, 0, 0, 0, NULL, '1492137969', NULL, NULL, NULL, NULL, NULL, NULL, 0, NULL, NULL, NULL, NULL, 0, 0, 0, 0, 0, 0, NULL, NULL, NULL),
(331, 0, 0, 0, 0, 0, 0, NULL, '1492137970', NULL, NULL, NULL, NULL, NULL, NULL, 0, NULL, NULL, NULL, NULL, 0, 0, 0, 0, 0, 0, NULL, NULL, NULL),
(332, 0, 0, 0, 0, 0, 0, NULL, '1492137971', NULL, NULL, NULL, NULL, NULL, NULL, 0, NULL, NULL, NULL, NULL, 0, 0, 0, 0, 0, 0, NULL, NULL, NULL),
(333, 0, 0, 0, 0, 0, 0, NULL, '1492137972', NULL, NULL, NULL, NULL, NULL, NULL, 0, NULL, NULL, NULL, NULL, 0, 0, 0, 0, 0, 0, NULL, NULL, NULL),
(334, 0, 0, 0, 0, 0, 0, NULL, '1492137973', NULL, NULL, NULL, NULL, NULL, NULL, 0, NULL, NULL, NULL, NULL, 0, 0, 0, 0, 0, 0, NULL, NULL, NULL),
(335, 0, 0, 0, 0, 0, 0, NULL, '1492137974', NULL, NULL, NULL, NULL, NULL, NULL, 0, NULL, NULL, NULL, NULL, 0, 0, 0, 0, 0, 0, NULL, NULL, NULL),
(336, 0, 0, 0, 0, 0, 0, NULL, '1492137975', NULL, NULL, NULL, NULL, NULL, NULL, 0, NULL, NULL, NULL, NULL, 0, 0, 0, 0, 0, 0, NULL, NULL, NULL),
(337, 0, 0, 0, 0, 0, 0, NULL, '1492137976', NULL, NULL, NULL, NULL, NULL, NULL, 0, NULL, NULL, NULL, NULL, 0, 0, 0, 0, 0, 0, NULL, NULL, NULL),
(338, 0, 0, 0, 0, 0, 0, NULL, '1492137977', NULL, NULL, NULL, NULL, NULL, NULL, 0, NULL, NULL, NULL, NULL, 0, 0, 0, 0, 0, 0, NULL, NULL, NULL),
(339, 0, 0, 0, 0, 0, 0, NULL, '1492137978', NULL, NULL, NULL, NULL, NULL, NULL, 0, NULL, NULL, NULL, NULL, 0, 0, 0, 0, 0, 0, NULL, NULL, NULL),
(340, 0, 0, 0, 0, 0, 0, NULL, '1492137979', NULL, NULL, NULL, NULL, NULL, NULL, 0, NULL, NULL, NULL, NULL, 0, 0, 0, 0, 0, 0, NULL, NULL, NULL),
(341, 0, 0, 0, 0, 0, 0, NULL, '1492137980', NULL, NULL, NULL, NULL, NULL, NULL, 0, NULL, NULL, NULL, NULL, 0, 0, 0, 0, 0, 0, NULL, NULL, NULL),
(342, 0, 0, 0, 0, 0, 0, NULL, '1492137981', NULL, NULL, NULL, NULL, NULL, NULL, 0, NULL, NULL, NULL, NULL, 0, 0, 0, 0, 0, 0, NULL, NULL, NULL),
(343, 0, 0, 0, 0, 0, 0, NULL, '1492137982', NULL, NULL, NULL, NULL, NULL, NULL, 0, NULL, NULL, NULL, NULL, 0, 0, 0, 0, 0, 0, NULL, NULL, NULL),
(344, 0, 0, 0, 0, 0, 0, NULL, '1492137983', NULL, NULL, NULL, NULL, NULL, NULL, 0, NULL, NULL, NULL, NULL, 0, 0, 0, 0, 0, 0, NULL, NULL, NULL),
(345, 0, 0, 0, 0, 0, 0, NULL, '1492137984', NULL, NULL, NULL, NULL, NULL, NULL, 0, NULL, NULL, NULL, NULL, 0, 0, 0, 0, 0, 0, NULL, NULL, NULL),
(346, 0, 0, 0, 0, 0, 0, NULL, '1492137985', NULL, NULL, NULL, NULL, NULL, NULL, 0, NULL, NULL, NULL, NULL, 0, 0, 0, 0, 0, 0, NULL, NULL, NULL),
(347, 0, 0, 0, 0, 0, 0, NULL, '1492137986', NULL, NULL, NULL, NULL, NULL, NULL, 0, NULL, NULL, NULL, NULL, 0, 0, 0, 0, 0, 0, NULL, NULL, NULL),
(348, 0, 0, 0, 0, 0, 0, NULL, '1492137987', NULL, NULL, NULL, NULL, NULL, NULL, 0, NULL, NULL, NULL, NULL, 0, 0, 0, 0, 0, 0, NULL, NULL, NULL),
(349, 0, 0, 0, 0, 0, 0, NULL, '1492137988', NULL, NULL, NULL, NULL, NULL, NULL, 0, NULL, NULL, NULL, NULL, 0, 0, 0, 0, 0, 0, NULL, NULL, NULL),
(350, 0, 0, 0, 0, 0, 0, NULL, '1492137989', NULL, NULL, NULL, NULL, NULL, NULL, 0, NULL, NULL, NULL, NULL, 0, 0, 0, 0, 0, 0, NULL, NULL, NULL);
INSERT INTO `bees_article` (`id`, `cid`, `ccid`, `sort_id`, `audit`, `flag`, `ctype`, `type_id`, `title`, `title_seo`, `intro`, `tags`, `content`, `timeline`, `expiretime`, `status`, `author`, `author_url`, `source`, `source_url`, `click`, `recommend`, `homepage`, `recommend_photo`, `homepage_photo`, `color`, `photo`, `thumb`, `attachment`) VALUES
(351, 0, 0, 0, 0, 0, 0, NULL, '1492137990', NULL, NULL, NULL, NULL, NULL, NULL, 0, NULL, NULL, NULL, NULL, 0, 0, 0, 0, 0, 0, NULL, NULL, NULL),
(352, 0, 0, 0, 0, 0, 0, NULL, '1492137991', NULL, NULL, NULL, NULL, NULL, NULL, 0, NULL, NULL, NULL, NULL, 0, 0, 0, 0, 0, 0, NULL, NULL, NULL),
(353, 0, 0, 0, 0, 0, 0, NULL, '1492137992', NULL, NULL, NULL, NULL, NULL, NULL, 0, NULL, NULL, NULL, NULL, 0, 0, 0, 0, 0, 0, NULL, NULL, NULL),
(354, 0, 0, 0, 0, 0, 0, NULL, '1492137993', NULL, NULL, NULL, NULL, NULL, NULL, 0, NULL, NULL, NULL, NULL, 0, 0, 0, 0, 0, 0, NULL, NULL, NULL),
(355, 0, 0, 0, 0, 0, 0, NULL, '1492137994', NULL, NULL, NULL, NULL, NULL, NULL, 0, NULL, NULL, NULL, NULL, 0, 0, 0, 0, 0, 0, NULL, NULL, NULL),
(356, 0, 0, 0, 0, 0, 0, NULL, '1492137995', NULL, NULL, NULL, NULL, NULL, NULL, 0, NULL, NULL, NULL, NULL, 0, 0, 0, 0, 0, 0, NULL, NULL, NULL),
(357, 0, 0, 0, 0, 0, 0, NULL, '1492137996', NULL, NULL, NULL, NULL, NULL, NULL, 0, NULL, NULL, NULL, NULL, 0, 0, 0, 0, 0, 0, NULL, NULL, NULL),
(358, 0, 0, 0, 0, 0, 0, NULL, '1492137997', NULL, NULL, NULL, NULL, NULL, NULL, 0, NULL, NULL, NULL, NULL, 0, 0, 0, 0, 0, 0, NULL, NULL, NULL),
(359, 0, 0, 0, 0, 0, 0, NULL, '1492137998', NULL, NULL, NULL, NULL, NULL, NULL, 0, NULL, NULL, NULL, NULL, 0, 0, 0, 0, 0, 0, NULL, NULL, NULL),
(360, 0, 0, 0, 0, 0, 0, NULL, '1492137999', NULL, NULL, NULL, NULL, NULL, NULL, 0, NULL, NULL, NULL, NULL, 0, 0, 0, 0, 0, 0, NULL, NULL, NULL),
(361, 0, 0, 0, 0, 0, 0, NULL, '1492138000', NULL, NULL, NULL, NULL, NULL, NULL, 0, NULL, NULL, NULL, NULL, 0, 0, 0, 0, 0, 0, NULL, NULL, NULL),
(362, 0, 0, 0, 0, 0, 0, NULL, '1492138001', NULL, NULL, NULL, NULL, NULL, NULL, 0, NULL, NULL, NULL, NULL, 0, 0, 0, 0, 0, 0, NULL, NULL, NULL),
(363, 0, 0, 0, 0, 0, 0, NULL, '1492138002', NULL, NULL, NULL, NULL, NULL, NULL, 0, NULL, NULL, NULL, NULL, 0, 0, 0, 0, 0, 0, NULL, NULL, NULL),
(364, 0, 0, 0, 0, 0, 0, NULL, '1492138003', NULL, NULL, NULL, NULL, NULL, NULL, 0, NULL, NULL, NULL, NULL, 0, 0, 0, 0, 0, 0, NULL, NULL, NULL),
(365, 0, 0, 0, 0, 0, 0, NULL, '1492138004', NULL, NULL, NULL, NULL, NULL, NULL, 0, NULL, NULL, NULL, NULL, 0, 0, 0, 0, 0, 0, NULL, NULL, NULL),
(366, 0, 0, 0, 0, 0, 0, NULL, '1492138005', NULL, NULL, NULL, NULL, NULL, NULL, 0, NULL, NULL, NULL, NULL, 0, 0, 0, 0, 0, 0, NULL, NULL, NULL),
(367, 0, 0, 0, 0, 0, 0, NULL, '1492138006', NULL, NULL, NULL, NULL, NULL, NULL, 0, NULL, NULL, NULL, NULL, 0, 0, 0, 0, 0, 0, NULL, NULL, NULL),
(368, 0, 0, 0, 0, 0, 0, NULL, '1492138007', NULL, NULL, NULL, NULL, NULL, NULL, 0, NULL, NULL, NULL, NULL, 0, 0, 0, 0, 0, 0, NULL, NULL, NULL),
(369, 0, 0, 0, 0, 0, 0, NULL, '1492138008', NULL, NULL, NULL, NULL, NULL, NULL, 0, NULL, NULL, NULL, NULL, 0, 0, 0, 0, 0, 0, NULL, NULL, NULL),
(370, 0, 0, 0, 0, 0, 0, NULL, '1492138009', NULL, NULL, NULL, NULL, NULL, NULL, 0, NULL, NULL, NULL, NULL, 0, 0, 0, 0, 0, 0, NULL, NULL, NULL),
(371, 0, 0, 0, 0, 0, 0, NULL, '1492138010', NULL, NULL, NULL, NULL, NULL, NULL, 0, NULL, NULL, NULL, NULL, 0, 0, 0, 0, 0, 0, NULL, NULL, NULL),
(372, 0, 0, 0, 0, 0, 0, NULL, '1492138011', NULL, NULL, NULL, NULL, NULL, NULL, 0, NULL, NULL, NULL, NULL, 0, 0, 0, 0, 0, 0, NULL, NULL, NULL),
(373, 0, 0, 0, 0, 0, 0, NULL, '1492138012', NULL, NULL, NULL, NULL, NULL, NULL, 0, NULL, NULL, NULL, NULL, 0, 0, 0, 0, 0, 0, NULL, NULL, NULL),
(374, 0, 0, 0, 0, 0, 0, NULL, '1492138013', NULL, NULL, NULL, NULL, NULL, NULL, 0, NULL, NULL, NULL, NULL, 0, 0, 0, 0, 0, 0, NULL, NULL, NULL),
(375, 0, 0, 0, 0, 0, 0, NULL, '1492138014', NULL, NULL, NULL, NULL, NULL, NULL, 0, NULL, NULL, NULL, NULL, 0, 0, 0, 0, 0, 0, NULL, NULL, NULL),
(376, 0, 0, 0, 0, 0, 0, NULL, '1492138015', NULL, NULL, NULL, NULL, NULL, NULL, 0, NULL, NULL, NULL, NULL, 0, 0, 0, 0, 0, 0, NULL, NULL, NULL),
(377, 0, 0, 0, 0, 0, 0, NULL, '1492138016', NULL, NULL, NULL, NULL, NULL, NULL, 0, NULL, NULL, NULL, NULL, 0, 0, 0, 0, 0, 0, NULL, NULL, NULL),
(378, 0, 0, 0, 0, 0, 0, NULL, '1492138017', NULL, NULL, NULL, NULL, NULL, NULL, 0, NULL, NULL, NULL, NULL, 0, 0, 0, 0, 0, 0, NULL, NULL, NULL),
(379, 0, 0, 0, 0, 0, 0, NULL, '1492138018', NULL, NULL, NULL, NULL, NULL, NULL, 0, NULL, NULL, NULL, NULL, 0, 0, 0, 0, 0, 0, NULL, NULL, NULL),
(380, 0, 0, 0, 0, 0, 0, NULL, '1492138019', NULL, NULL, NULL, NULL, NULL, NULL, 0, NULL, NULL, NULL, NULL, 0, 0, 0, 0, 0, 0, NULL, NULL, NULL),
(381, 0, 0, 0, 0, 0, 0, NULL, '1492138020', NULL, NULL, NULL, NULL, NULL, NULL, 0, NULL, NULL, NULL, NULL, 0, 0, 0, 0, 0, 0, NULL, NULL, NULL),
(382, 0, 0, 0, 0, 0, 0, NULL, '1492138021', NULL, NULL, NULL, NULL, NULL, NULL, 0, NULL, NULL, NULL, NULL, 0, 0, 0, 0, 0, 0, NULL, NULL, NULL),
(383, 0, 0, 0, 0, 0, 0, NULL, '1492138022', NULL, NULL, NULL, NULL, NULL, NULL, 0, NULL, NULL, NULL, NULL, 0, 0, 0, 0, 0, 0, NULL, NULL, NULL),
(384, 0, 0, 0, 0, 0, 0, NULL, '1492138023', NULL, NULL, NULL, NULL, NULL, NULL, 0, NULL, NULL, NULL, NULL, 0, 0, 0, 0, 0, 0, NULL, NULL, NULL),
(385, 0, 0, 0, 0, 0, 0, NULL, '1492138024', NULL, NULL, NULL, NULL, NULL, NULL, 0, NULL, NULL, NULL, NULL, 0, 0, 0, 0, 0, 0, NULL, NULL, NULL),
(386, 0, 0, 0, 0, 0, 0, NULL, '1492138025', NULL, NULL, NULL, NULL, NULL, NULL, 0, NULL, NULL, NULL, NULL, 0, 0, 0, 0, 0, 0, NULL, NULL, NULL),
(387, 0, 0, 0, 0, 0, 0, NULL, '1492138026', NULL, NULL, NULL, NULL, NULL, NULL, 0, NULL, NULL, NULL, NULL, 0, 0, 0, 0, 0, 0, NULL, NULL, NULL),
(388, 0, 0, 0, 0, 0, 0, NULL, '1492138027', NULL, NULL, NULL, NULL, NULL, NULL, 0, NULL, NULL, NULL, NULL, 0, 0, 0, 0, 0, 0, NULL, NULL, NULL),
(389, 0, 0, 0, 0, 0, 0, NULL, '1492138028', NULL, NULL, NULL, NULL, NULL, NULL, 0, NULL, NULL, NULL, NULL, 0, 0, 0, 0, 0, 0, NULL, NULL, NULL),
(390, 0, 0, 0, 0, 0, 0, NULL, '1492138029', NULL, NULL, NULL, NULL, NULL, NULL, 0, NULL, NULL, NULL, NULL, 0, 0, 0, 0, 0, 0, NULL, NULL, NULL),
(391, 0, 0, 0, 0, 0, 0, NULL, '1492138030', NULL, NULL, NULL, NULL, NULL, NULL, 0, NULL, NULL, NULL, NULL, 0, 0, 0, 0, 0, 0, NULL, NULL, NULL),
(392, 0, 0, 0, 0, 0, 0, NULL, '1492138031', NULL, NULL, NULL, NULL, NULL, NULL, 0, NULL, NULL, NULL, NULL, 0, 0, 0, 0, 0, 0, NULL, NULL, NULL),
(393, 0, 0, 0, 0, 0, 0, NULL, '1492138032', NULL, NULL, NULL, NULL, NULL, NULL, 0, NULL, NULL, NULL, NULL, 0, 0, 0, 0, 0, 0, NULL, NULL, NULL),
(394, 0, 0, 0, 0, 0, 0, NULL, '1492138033', NULL, NULL, NULL, NULL, NULL, NULL, 0, NULL, NULL, NULL, NULL, 0, 0, 0, 0, 0, 0, NULL, NULL, NULL),
(395, 0, 0, 0, 0, 0, 0, NULL, '1492138034', NULL, NULL, NULL, NULL, NULL, NULL, 0, NULL, NULL, NULL, NULL, 0, 0, 0, 0, 0, 0, NULL, NULL, NULL),
(396, 4, 0, 1, 0, 0, 0, NULL, '3213', '', '  ', '', '<p>213213123<br/></p>', 1492674595, NULL, 1, NULL, NULL, NULL, NULL, 0, 0, 0, 0, 0, 0, '', '', NULL);

-- --------------------------------------------------------

--
-- 表的结构 `bees_article_tag`
--

CREATE TABLE IF NOT EXISTS `bees_article_tag` (
  `id` int(11) NOT NULL AUTO_INCREMENT,
  `tag` varchar(30) NOT NULL COMMENT '标签',
  `record` int(11) DEFAULT NULL COMMENT '使用的 article id',
  `count` int(11) DEFAULT NULL COMMENT '计数',
  PRIMARY KEY (`id`),
  KEY `record_index` (`id`,`tag`)
) ENGINE=MyISAM DEFAULT CHARSET=utf8 COMMENT='标签表' AUTO_INCREMENT=1 ;

-- --------------------------------------------------------

--
-- 表的结构 `bees_banner`
--

CREATE TABLE IF NOT EXISTS `bees_banner` (
  `id` int(11) NOT NULL AUTO_INCREMENT COMMENT '唯一编号',
  `cid` int(11) NOT NULL COMMENT '所属栏目',
  `ccid` int(11) NOT NULL DEFAULT '0' COMMENT '栏目条目ID伪栏目',
  `sort_id` int(11) NOT NULL DEFAULT '0' COMMENT '排序编号',
  `audit` int(1) NOT NULL DEFAULT '0' COMMENT '0:1审核',
  `flag` int(1) NOT NULL DEFAULT '0' COMMENT '0:1推荐',
  `ctype` int(4) NOT NULL DEFAULT '0' COMMENT '默认分类',
  `type_id` int(4) NOT NULL COMMENT '类型',
  `title` tinytext NOT NULL COMMENT '标题',
  `title_seo` tinytext NOT NULL,
  `intro` varchar(500) NOT NULL COMMENT '简介(200汉字)',
  `tags` tinytext NOT NULL COMMENT '标签',
  `content` text NOT NULL COMMENT '内容',
  `timeline` int(11) NOT NULL COMMENT '发布/修改时间',
  `expiretime` int(10) NOT NULL COMMENT '公告过期时间',
  `status` int(1) NOT NULL DEFAULT '0' COMMENT '0:1状态,1 发布，0 草稿',
  `author` varchar(50) NOT NULL COMMENT '消息作者',
  `author_url` tinytext NOT NULL COMMENT '作者链接',
  `source` varchar(50) NOT NULL COMMENT '消息来源',
  `source_url` tinytext NOT NULL COMMENT '来源链接',
  `click` int(11) NOT NULL DEFAULT '0' COMMENT '浏览次数',
  `recommend` int(1) NOT NULL DEFAULT '0' COMMENT '0:1推荐到分类门户的页面显示',
  `homepage` int(1) NOT NULL DEFAULT '0' COMMENT '0:1推荐到首页显示',
  `target` tinyint(1) NOT NULL DEFAULT '0',
  `recommend_photo` int(1) NOT NULL DEFAULT '0' COMMENT '0:1作为分类栏目的跑马灯图片新闻',
  `homepage_photo` int(1) NOT NULL DEFAULT '0' COMMENT '0:1作为首页的跑马灯图片新闻',
  `color` int(1) NOT NULL DEFAULT '0' COMMENT '突显状态/颜色',
  `photo` tinytext NOT NULL COMMENT '相关图片',
  `thumb` tinytext NOT NULL COMMENT '图片缩略图',
  `attachment` tinytext NOT NULL COMMENT '附件',
  PRIMARY KEY (`id`)
) ENGINE=MyISAM DEFAULT CHARSET=utf8 COMMENT='信息表' AUTO_INCREMENT=1 ;

-- --------------------------------------------------------

--
-- 表的结构 `bees_city`
--

CREATE TABLE IF NOT EXISTS `bees_city` (
  `id` int(11) NOT NULL AUTO_INCREMENT,
  `yid` int(11) DEFAULT NULL,
  `type_id` int(11) DEFAULT NULL,
  `sort_id` int(11) DEFAULT NULL,
  `depth` tinyint(4) DEFAULT NULL,
  `path` varchar(255) DEFAULT NULL,
  `title` varchar(255) DEFAULT NULL,
  `parent_id` int(11) DEFAULT NULL,
  `photo` varchar(255) DEFAULT NULL,
  `thumb` varchar(255) DEFAULT NULL,
  `timeline` int(13) DEFAULT NULL,
  PRIMARY KEY (`id`)
) ENGINE=MyISAM  DEFAULT CHARSET=utf8 AUTO_INCREMENT=430 ;

--
-- 转存表中的数据 `bees_city`
--

INSERT INTO `bees_city` (`id`, `yid`, `type_id`, `sort_id`, `depth`, `path`, `title`, `parent_id`, `photo`, `thumb`, `timeline`) VALUES
(1, 110000, 0, 0, 0, '', '北京市', 0, '', '', 1368120198),
(2, 120000, 0, 0, 0, '', '天津市', 0, '', '', 1368120198),
(3, 130000, 0, 0, 0, '', '河北省', 0, '', '', 1368120198),
(4, 140000, 0, 0, 0, '', '山西省', 0, '', '', 1368120198),
(5, 150000, 0, 0, 0, '', '内蒙自治区', 0, '', '', 1368120198),
(6, 210000, 0, 0, 0, '', '辽宁省', 0, '', '', 1368120198),
(7, 220000, 0, 0, 0, '', '吉林市', 0, '', '', 1368120198),
(8, 230000, 0, 0, 0, '', '黑龙江省', 0, '', '', 1368120198),
(9, 310000, 0, 0, 0, '', '上海市', 0, '', '', 1368120198),
(10, 320000, 0, 0, 0, '', '江苏省', 0, '', '', 1368120198),
(11, 330000, 0, 0, 0, '', '浙江省', 0, '', '', 1368120198),
(12, 340000, 0, 0, 0, '', '安徽省', 0, '', '', 1368120198),
(13, 350000, 0, 0, 0, '', '福建省', 0, '', '', 1368120198),
(14, 360000, 0, 0, 0, '', '江西省', 0, '', '', 1368120198),
(15, 370000, 0, 0, 0, '', '山东省', 0, '', '', 1368120198),
(16, 410000, 0, 0, 0, '', '河南省', 0, '', '', 1368120198),
(17, 420000, 0, 0, 0, '', '湖北省', 0, '', '', 1368120198),
(18, 430000, 0, 0, 0, '', '湖南省', 0, '', '', 1368120198),
(19, 440000, 0, 0, 0, '', '广东省', 0, '', '', 1368120198),
(20, 450000, 0, 0, 0, '', '广西自治区', 0, '', '', 1368120198),
(21, 460000, 0, 0, 0, '', '海南省', 0, '', '', 1368120198),
(22, 500000, 0, 0, 0, '', '重庆市', 0, '', '', 1368120198),
(23, 510000, 0, 0, 0, '', '四川省', 0, '', '', 1368120198),
(24, 520000, 0, 0, 0, '', '贵州省', 0, '', '', 1368120198),
(25, 530000, 0, 0, 0, '', '云南省', 0, '', '', 1368120198),
(26, 540000, 0, 0, 0, '', '西藏自治区', 0, '', '', 1368120198),
(27, 610000, 0, 0, 0, '', '陕西省', 0, '', '', 1368120198),
(28, 620000, 0, 0, 0, '', '甘肃省', 0, '', '', 1368120198),
(29, 630000, 0, 0, 0, '', '青海省', 0, '', '', 1368120198),
(30, 640000, 0, 0, 0, '', '宁夏自治区', 0, '', '', 1368120198),
(31, 650000, 0, 0, 0, '', '新疆自治区', 0, '', '', 1368120198),
(32, 710000, 0, 0, 0, '', '台湾省', 0, '', '', 1368120198),
(33, 810000, 0, 0, 0, '', '香港特区', 0, '', '', 1368120198),
(34, 820000, 0, 0, 0, '', '澳门特区', 0, '', '', 1368120198),
(35, 110100, 0, 0, 1, '', '北京市', 110000, '', '', 1368120199),
(36, 120100, 0, 0, 1, '', '天津市', 120000, '', '', 1368120199),
(37, 130100, 0, 0, 1, '', '石家庄市', 130000, '', '', 1368120199),
(38, 130200, 0, 0, 1, '', '唐山市', 130000, '', '', 1368120199),
(39, 130300, 0, 0, 1, '', '秦皇岛市', 130000, '', '', 1368120199),
(40, 130400, 0, 0, 1, '', '邯郸市', 130000, '', '', 1368120199),
(41, 130500, 0, 0, 1, '', '邢台市', 130000, '', '', 1368120199),
(42, 130600, 0, 0, 1, '', '保定市', 130000, '', '', 1368120199),
(43, 130700, 0, 0, 1, '', '张家口市', 130000, '', '', 1368120199),
(44, 130800, 0, 0, 1, '', '承德市', 130000, '', '', 1368120199),
(45, 130900, 0, 0, 1, '', '沧州市', 130000, '', '', 1368120199),
(46, 131000, 0, 0, 1, '', '廊坊市', 130000, '', '', 1368120199),
(47, 131100, 0, 0, 1, '', '衡水市', 130000, '', '', 1368120199),
(48, 140100, 0, 0, 1, '', '太原市', 140000, '', '', 1368120199),
(49, 140200, 0, 0, 1, '', '大同市', 140000, '', '', 1368120199),
(50, 140300, 0, 0, 1, '', '阳泉市', 140000, '', '', 1368120199),
(51, 140400, 0, 0, 1, '', '长治市', 140000, '', '', 1368120199),
(52, 140500, 0, 0, 1, '', '晋城市', 140000, '', '', 1368120199),
(53, 140600, 0, 0, 1, '', '朔州市', 140000, '', '', 1368120199),
(54, 140700, 0, 0, 1, '', '晋中市', 140000, '', '', 1368120199),
(55, 140800, 0, 0, 1, '', '运城市', 140000, '', '', 1368120199),
(56, 140900, 0, 0, 1, '', '忻州市', 140000, '', '', 1368120199),
(57, 141000, 0, 0, 1, '', '临汾市', 140000, '', '', 1368120199),
(58, 141100, 0, 0, 1, '', '吕梁市', 140000, '', '', 1368120199),
(59, 150100, 0, 0, 1, '', '呼和浩特市', 150000, '', '', 1368120199),
(60, 150200, 0, 0, 1, '', '包头市', 150000, '', '', 1368120199),
(61, 150300, 0, 0, 1, '', '乌海市', 150000, '', '', 1368120199),
(62, 150400, 0, 0, 1, '', '赤峰市', 150000, '', '', 1368120199),
(63, 150500, 0, 0, 1, '', '通辽市', 150000, '', '', 1368120199),
(64, 150600, 0, 0, 1, '', '鄂尔多斯市', 150000, '', '', 1368120199),
(65, 150700, 0, 0, 1, '', '呼伦贝尔市', 150000, '', '', 1368120199),
(66, 150800, 0, 0, 1, '', '巴彦淖尔市', 150000, '', '', 1368120199),
(67, 150900, 0, 0, 1, '', '乌兰察布市', 150000, '', '', 1368120199),
(68, 151000, 0, 0, 1, '', '东胜', 150000, '', '', 1368120199),
(69, 152200, 0, 0, 1, '', '兴安盟', 150000, '', '', 1368120199),
(70, 152500, 0, 0, 1, '', '锡林郭勒盟', 150000, '', '', 1368120199),
(71, 152900, 0, 0, 1, '', '阿拉善盟', 150000, '', '', 1368120199),
(72, 210100, 0, 0, 1, '', '沈阳市', 210000, '', '', 1368120199),
(73, 210200, 0, 0, 1, '', '大连市', 210000, '', '', 1368120199),
(74, 210300, 0, 0, 1, '', '鞍山市', 210000, '', '', 1368120199),
(75, 210400, 0, 0, 1, '', '抚顺市', 210000, '', '', 1368120199),
(76, 210500, 0, 0, 1, '', '本溪市', 210000, '', '', 1368120199),
(77, 210600, 0, 0, 1, '', '丹东市', 210000, '', '', 1368120199),
(78, 210700, 0, 0, 1, '', '锦州市', 210000, '', '', 1368120199),
(79, 210800, 0, 0, 1, '', '营口市', 210000, '', '', 1368120199),
(80, 210900, 0, 0, 1, '', '阜新市', 210000, '', '', 1368120199),
(81, 211000, 0, 0, 1, '', '辽阳市', 210000, '', '', 1368120199),
(82, 211100, 0, 0, 1, '', '盘锦市', 210000, '', '', 1368120199),
(83, 211200, 0, 0, 1, '', '铁岭市', 210000, '', '', 1368120199),
(84, 211300, 0, 0, 1, '', '朝阳市', 210000, '', '', 1368120199),
(85, 211400, 0, 0, 1, '', '葫芦岛市', 210000, '', '', 1368120199),
(86, 211500, 0, 0, 1, '', '北宁', 210000, '', '', 1368120199),
(87, 220100, 0, 0, 1, '', '长春市', 220000, '', '', 1368120199),
(88, 220200, 0, 0, 1, '', '吉林市', 220000, '', '', 1368120199),
(89, 220300, 0, 0, 1, '', '四平市', 220000, '', '', 1368120199),
(90, 220400, 0, 0, 1, '', '辽源市', 220000, '', '', 1368120199),
(91, 220500, 0, 0, 1, '', '通化市', 220000, '', '', 1368120199),
(92, 220600, 0, 0, 1, '', '白山市', 220000, '', '', 1368120199),
(93, 220700, 0, 0, 1, '', '松原市', 220000, '', '', 1368120199),
(94, 220800, 0, 0, 1, '', '白城市', 220000, '', '', 1368120199),
(95, 222400, 0, 0, 1, '', '延边州', 220000, '', '', 1368120199),
(96, 230100, 0, 0, 1, '', '哈尔滨市', 230000, '', '', 1368120199),
(97, 230200, 0, 0, 1, '', '齐齐哈尔市', 230000, '', '', 1368120199),
(98, 230300, 0, 0, 1, '', '鸡西市', 230000, '', '', 1368120199),
(99, 230400, 0, 0, 1, '', '鹤岗市', 230000, '', '', 1368120199),
(100, 230500, 0, 0, 1, '', '双鸭山市', 230000, '', '', 1368120199),
(101, 230600, 0, 0, 1, '', '大庆市', 230000, '', '', 1368120199),
(102, 230700, 0, 0, 1, '', '伊春市', 230000, '', '', 1368120199),
(103, 230800, 0, 0, 1, '', '佳木斯市', 230000, '', '', 1368120199),
(104, 230900, 0, 0, 1, '', '七台河市', 230000, '', '', 1368120199),
(105, 231000, 0, 0, 1, '', '牡丹江市', 230000, '', '', 1368120199),
(106, 231100, 0, 0, 1, '', '黑河市', 230000, '', '', 1368120199),
(107, 231200, 0, 0, 1, '', '绥化市', 230000, '', '', 1368120199),
(108, 232700, 0, 0, 1, '', '大兴安岭', 230000, '', '', 1368120199),
(109, 310100, 0, 0, 1, '', '上海市', 310000, '', '', 1368120199),
(110, 320100, 0, 0, 1, '', '南京市', 320000, '', '', 1368120199),
(111, 320200, 0, 0, 1, '', '无锡市', 320000, '', '', 1368120199),
(112, 320300, 0, 0, 1, '', '徐州市', 320000, '', '', 1368120199),
(113, 320400, 0, 0, 1, '', '常州市', 320000, '', '', 1368120199),
(114, 320500, 0, 0, 1, '', '苏州市', 320000, '', '', 1368120199),
(115, 320600, 0, 0, 1, '', '南通市', 320000, '', '', 1368120199),
(116, 320700, 0, 0, 1, '', '连云港市', 320000, '', '', 1368120199),
(117, 320800, 0, 0, 1, '', '淮安市', 320000, '', '', 1368120199),
(118, 320900, 0, 0, 1, '', '盐城市', 320000, '', '', 1368120199),
(119, 321000, 0, 0, 1, '', '扬州市', 320000, '', '', 1368120199),
(120, 321100, 0, 0, 1, '', '镇江市', 320000, '', '', 1368120199),
(121, 321200, 0, 0, 1, '', '泰州市', 320000, '', '', 1368120199),
(122, 321300, 0, 0, 1, '', '宿迁市', 320000, '', '', 1368120199),
(123, 330100, 0, 0, 1, '', '杭州市', 330000, '', '', 1368120199),
(124, 330200, 0, 0, 1, '', '宁波市', 330000, '', '', 1368120199),
(125, 330300, 0, 0, 1, '', '温州市', 330000, '', '', 1368120199),
(126, 330400, 0, 0, 1, '', '嘉兴市', 330000, '', '', 1368120199),
(127, 330500, 0, 0, 1, '', '湖州市', 330000, '', '', 1368120199),
(128, 330600, 0, 0, 1, '', '绍兴市', 330000, '', '', 1368120199),
(129, 330700, 0, 0, 1, '', '金华市', 330000, '', '', 1368120200),
(130, 330800, 0, 0, 1, '', '衢州市', 330000, '', '', 1368120200),
(131, 330900, 0, 0, 1, '', '舟山市', 330000, '', '', 1368120200),
(132, 331000, 0, 0, 1, '', '台州市', 330000, '', '', 1368120200),
(133, 331100, 0, 0, 1, '', '丽水市', 330000, '', '', 1368120200),
(134, 340100, 0, 0, 1, '', '合肥市', 340000, '', '', 1368120200),
(135, 340200, 0, 0, 1, '', '芜湖市', 340000, '', '', 1368120200),
(136, 340300, 0, 0, 1, '', '蚌埠市', 340000, '', '', 1368120200),
(137, 340400, 0, 0, 1, '', '淮南市', 340000, '', '', 1368120200),
(138, 340500, 0, 0, 1, '', '马鞍山市', 340000, '', '', 1368120200),
(139, 340600, 0, 0, 1, '', '淮北市', 340000, '', '', 1368120200),
(140, 340700, 0, 0, 1, '', '铜陵市', 340000, '', '', 1368120200),
(141, 340800, 0, 0, 1, '', '安庆市', 340000, '', '', 1368120200),
(142, 341000, 0, 0, 1, '', '黄山市', 340000, '', '', 1368120200),
(143, 341100, 0, 0, 1, '', '滁州市', 340000, '', '', 1368120200),
(144, 341200, 0, 0, 1, '', '阜阳市', 340000, '', '', 1368120200),
(145, 341300, 0, 0, 1, '', '宿州市', 340000, '', '', 1368120200),
(146, 341400, 0, 0, 1, '', '巢湖', 340000, '', '', 1368120200),
(147, 341500, 0, 0, 1, '', '六安市', 340000, '', '', 1368120200),
(148, 341600, 0, 0, 1, '', '亳州市', 340000, '', '', 1368120200),
(149, 341700, 0, 0, 1, '', '池州市', 340000, '', '', 1368120200),
(150, 341800, 0, 0, 1, '', '宣城市', 340000, '', '', 1368120200),
(151, 350100, 0, 0, 1, '', '福州市', 350000, '', '', 1368120200),
(152, 350200, 0, 0, 1, '', '厦门市', 350000, '', '', 1368120200),
(153, 350300, 0, 0, 1, '', '莆田市', 350000, '', '', 1368120200),
(154, 350400, 0, 0, 1, '', '三明市', 350000, '', '', 1368120200),
(155, 350500, 0, 0, 1, '', '泉州市', 350000, '', '', 1368120200),
(156, 350600, 0, 0, 1, '', '漳州市', 350000, '', '', 1368120200),
(157, 350700, 0, 0, 1, '', '南平市', 350000, '', '', 1368120200),
(158, 350800, 0, 0, 1, '', '龙岩市', 350000, '', '', 1368120200),
(159, 350900, 0, 0, 1, '', '宁德市', 350000, '', '', 1368120200),
(160, 360100, 0, 0, 1, '', '南昌市', 360000, '', '', 1368120200),
(161, 360200, 0, 0, 1, '', '景德镇市', 360000, '', '', 1368120200),
(162, 360300, 0, 0, 1, '', '萍乡市', 360000, '', '', 1368120200),
(163, 360400, 0, 0, 1, '', '九江市', 360000, '', '', 1368120200),
(164, 360500, 0, 0, 1, '', '新余市', 360000, '', '', 1368120200),
(165, 360600, 0, 0, 1, '', '鹰潭市', 360000, '', '', 1368120200),
(166, 360700, 0, 0, 1, '', '赣州市', 360000, '', '', 1368120200),
(167, 360800, 0, 0, 1, '', '吉安市', 360000, '', '', 1368120200),
(168, 360900, 0, 0, 1, '', '宜春市', 360000, '', '', 1368120200),
(169, 361000, 0, 0, 1, '', '抚州市', 360000, '', '', 1368120200),
(170, 361100, 0, 0, 1, '', '上饶市', 360000, '', '', 1368120200),
(171, 370100, 0, 0, 1, '', '济南市', 370000, '', '', 1368120200),
(172, 370200, 0, 0, 1, '', '青岛市', 370000, '', '', 1368120200),
(173, 370300, 0, 0, 1, '', '淄博市', 370000, '', '', 1368120200),
(174, 370400, 0, 0, 1, '', '枣庄市', 370000, '', '', 1368120200),
(175, 370500, 0, 0, 1, '', '东营市', 370000, '', '', 1368120200),
(176, 370600, 0, 0, 1, '', '烟台市', 370000, '', '', 1368120200),
(177, 370700, 0, 0, 1, '', '潍坊市', 370000, '', '', 1368120200),
(178, 370800, 0, 0, 1, '', '济宁市', 370000, '', '', 1368120200),
(179, 370900, 0, 0, 1, '', '泰安市', 370000, '', '', 1368120200),
(180, 371000, 0, 0, 1, '', '威海市', 370000, '', '', 1368120200),
(181, 371100, 0, 0, 1, '', '日照市', 370000, '', '', 1368120200),
(182, 371200, 0, 0, 1, '', '莱芜市', 370000, '', '', 1368120200),
(183, 371300, 0, 0, 1, '', '临沂市', 370000, '', '', 1368120200),
(184, 371400, 0, 0, 1, '', '德州市', 370000, '', '', 1368120200),
(185, 371500, 0, 0, 1, '', '聊城市', 370000, '', '', 1368120200),
(186, 371600, 0, 0, 1, '', '滨州市', 370000, '', '', 1368120200),
(187, 371700, 0, 0, 1, '', '菏泽市', 370000, '', '', 1368120200),
(188, 411600, 0, 0, 1, '', '周口市', 410000, '', '', 1368120200),
(189, 411700, 0, 0, 1, '', '驻马店市', 410000, '', '', 1368120200),
(190, 419000, 0, 0, 1, '', '济源市', 410000, '', '', 1368120200),
(191, 410100, 0, 0, 1, '', '郑州市', 410000, '', '', 1368120200),
(192, 410200, 0, 0, 1, '', '开封市', 410000, '', '', 1368120200),
(193, 410300, 0, 0, 1, '', '洛阳市', 410000, '', '', 1368120200),
(194, 410400, 0, 0, 1, '', '平顶山市', 410000, '', '', 1368120200),
(195, 410500, 0, 0, 1, '', '安阳市', 410000, '', '', 1368120200),
(196, 410600, 0, 0, 1, '', '鹤壁市', 410000, '', '', 1368120200),
(197, 410700, 0, 0, 1, '', '新乡市', 410000, '', '', 1368120200),
(198, 410800, 0, 0, 1, '', '焦作市', 410000, '', '', 1368120200),
(199, 410900, 0, 0, 1, '', '濮阳市', 410000, '', '', 1368120200),
(200, 411000, 0, 0, 1, '', '许昌市', 410000, '', '', 1368120200),
(201, 411100, 0, 0, 1, '', '漯河市', 410000, '', '', 1368120200),
(202, 411200, 0, 0, 1, '', '三门峡市', 410000, '', '', 1368120200),
(203, 411300, 0, 0, 1, '', '南阳市', 410000, '', '', 1368120200),
(204, 411400, 0, 0, 1, '', '商丘市', 410000, '', '', 1368120200),
(205, 411500, 0, 0, 1, '', '信阳市', 410000, '', '', 1368120200),
(206, 420100, 0, 0, 1, '', '武汉市', 420000, '', '', 1368120200),
(207, 420200, 0, 0, 1, '', '黄石市', 420000, '', '', 1368120200),
(208, 420300, 0, 0, 1, '', '十堰市', 420000, '', '', 1368120200),
(209, 420500, 0, 0, 1, '', '宜昌市', 420000, '', '', 1368120200),
(210, 420600, 0, 0, 1, '', '襄阳', 420000, '', '', 1368120200),
(211, 420700, 0, 0, 1, '', '鄂州市', 420000, '', '', 1368120200),
(212, 420800, 0, 0, 1, '', '荆门市', 420000, '', '', 1368120200),
(213, 420900, 0, 0, 1, '', '孝感市', 420000, '', '', 1368120200),
(214, 421000, 0, 0, 1, '', '荆州市', 420000, '', '', 1368120200),
(215, 421100, 0, 0, 1, '', '黄冈市', 420000, '', '', 1368120200),
(216, 421200, 0, 0, 1, '', '咸宁市', 420000, '', '', 1368120200),
(217, 421300, 0, 0, 1, '', '随州市', 420000, '', '', 1368120200),
(218, 422800, 0, 0, 1, '', '恩施州', 420000, '', '', 1368120200),
(219, 423100, 0, 0, 1, '', '仙桃市', 420000, '', '', 1368120200),
(220, 423200, 0, 0, 1, '', '潜江市', 420000, '', '', 1368120200),
(221, 423300, 0, 0, 1, '', '天门市', 420000, '', '', 1368120200),
(222, 423400, 0, 0, 1, '', '神农架林区', 420000, '', '', 1368120200),
(223, 430100, 0, 0, 1, '', '长沙市', 430000, '', '', 1368120200),
(224, 430200, 0, 0, 1, '', '株洲市', 430000, '', '', 1368120200),
(225, 430300, 0, 0, 1, '', '湘潭市', 430000, '', '', 1368120200),
(226, 430400, 0, 0, 1, '', '衡阳市', 430000, '', '', 1368120200),
(227, 430500, 0, 0, 1, '', '邵阳市', 430000, '', '', 1368120200),
(228, 430600, 0, 0, 1, '', '岳阳市', 430000, '', '', 1368120200),
(229, 430700, 0, 0, 1, '', '常德市', 430000, '', '', 1368120200),
(230, 430800, 0, 0, 1, '', '张家界市', 430000, '', '', 1368120200),
(231, 430900, 0, 0, 1, '', '益阳市', 430000, '', '', 1368120200),
(232, 431000, 0, 0, 1, '', '郴州市', 430000, '', '', 1368120200),
(233, 431100, 0, 0, 1, '', '永州市', 430000, '', '', 1368120200),
(234, 431200, 0, 0, 1, '', '怀化市', 430000, '', '', 1368120200),
(235, 431300, 0, 0, 1, '', '娄底市', 430000, '', '', 1368120200),
(236, 433100, 0, 0, 1, '', '湘西州', 430000, '', '', 1368120200),
(237, 440100, 0, 0, 1, '', '广州市', 440000, '', '', 1368120200),
(238, 440200, 0, 0, 1, '', '韶关市', 440000, '', '', 1368120200),
(239, 440300, 0, 0, 1, '', '深圳市', 440000, '', '', 1368120200),
(240, 440400, 0, 0, 1, '', '珠海市', 440000, '', '', 1368120200),
(241, 440500, 0, 0, 1, '', '汕头市', 440000, '', '', 1368120200),
(242, 440600, 0, 0, 1, '', '佛山市', 440000, '', '', 1368120200),
(243, 440700, 0, 0, 1, '', '江门市', 440000, '', '', 1368120200),
(244, 440800, 0, 0, 1, '', '湛江市', 440000, '', '', 1368120200),
(245, 440900, 0, 0, 1, '', '茂名市', 440000, '', '', 1368120200),
(246, 441200, 0, 0, 1, '', '肇庆市', 440000, '', '', 1368120200),
(247, 441300, 0, 0, 1, '', '惠州市', 440000, '', '', 1368120200),
(248, 441400, 0, 0, 1, '', '梅州市', 440000, '', '', 1368120200),
(249, 441500, 0, 0, 1, '', '汕尾市', 440000, '', '', 1368120200),
(250, 441600, 0, 0, 1, '', '河源市', 440000, '', '', 1368120200),
(251, 441700, 0, 0, 1, '', '阳江市', 440000, '', '', 1368120200),
(252, 441800, 0, 0, 1, '', '清远市', 440000, '', '', 1368120200),
(253, 441900, 0, 0, 1, '', '东莞市', 440000, '', '', 1368120200),
(254, 442000, 0, 0, 1, '', '中山市', 440000, '', '', 1368120200),
(255, 445100, 0, 0, 1, '', '潮州市', 440000, '', '', 1368120200),
(256, 445200, 0, 0, 1, '', '揭阳市', 440000, '', '', 1368120200),
(257, 445300, 0, 0, 1, '', '云浮市', 440000, '', '', 1368120200),
(258, 450100, 0, 0, 1, '', '南宁市', 450000, '', '', 1368120201),
(259, 450200, 0, 0, 1, '', '柳州市', 450000, '', '', 1368120201),
(260, 450300, 0, 0, 1, '', '桂林市', 450000, '', '', 1368120201),
(261, 450400, 0, 0, 1, '', '梧州市', 450000, '', '', 1368120201),
(262, 450500, 0, 0, 1, '', '北海市', 450000, '', '', 1368120201),
(263, 450600, 0, 0, 1, '', '防城港市', 450000, '', '', 1368120201),
(264, 450700, 0, 0, 1, '', '钦州市', 450000, '', '', 1368120201),
(265, 450800, 0, 0, 1, '', '贵港市', 450000, '', '', 1368120201),
(266, 450900, 0, 0, 1, '', '玉林市', 450000, '', '', 1368120201),
(267, 451000, 0, 0, 1, '', '百色市', 450000, '', '', 1368120201),
(268, 451100, 0, 0, 1, '', '贺州市', 450000, '', '', 1368120201),
(269, 451200, 0, 0, 1, '', '河池市', 450000, '', '', 1368120201),
(270, 451300, 0, 0, 1, '', '来宾市', 450000, '', '', 1368120201),
(271, 451400, 0, 0, 1, '', '崇左市', 450000, '', '', 1368120201),
(272, 462800, 0, 0, 1, '', '南沙群岛', 460000, '', '', 1368120201),
(273, 462900, 0, 0, 1, '', '中沙群岛的岛礁及其海域', 460000, '', '', 1368120201),
(274, 460100, 0, 0, 1, '', '海口市', 460000, '', '', 1368120201),
(275, 460200, 0, 0, 1, '', '三亚市', 460000, '', '', 1368120201),
(276, 461100, 0, 0, 1, '', '五指山', 460000, '', '', 1368120201),
(277, 461200, 0, 0, 1, '', '琼海', 460000, '', '', 1368120201),
(278, 461300, 0, 0, 1, '', '儋州', 460000, '', '', 1368120201),
(279, 461400, 0, 0, 1, '', '文昌市', 460000, '', '', 1368120201),
(280, 461500, 0, 0, 1, '', '万宁市', 460000, '', '', 1368120201),
(281, 461600, 0, 0, 1, '', '东方市', 460000, '', '', 1368120201),
(282, 461700, 0, 0, 1, '', '定安', 460000, '', '', 1368120201),
(283, 461800, 0, 0, 1, '', '屯昌', 460000, '', '', 1368120201),
(284, 461900, 0, 0, 1, '', '澄迈', 460000, '', '', 1368120201),
(285, 462000, 0, 0, 1, '', '临高', 460000, '', '', 1368120201),
(286, 462100, 0, 0, 1, '', '白沙', 460000, '', '', 1368120201),
(287, 462200, 0, 0, 1, '', '昌江', 460000, '', '', 1368120201),
(288, 462300, 0, 0, 1, '', '乐东', 460000, '', '', 1368120201),
(289, 462400, 0, 0, 1, '', '陵水', 460000, '', '', 1368120201),
(290, 462500, 0, 0, 1, '', '保亭', 460000, '', '', 1368120201),
(291, 462600, 0, 0, 1, '', '琼中', 460000, '', '', 1368120201),
(292, 462700, 0, 0, 1, '', '西沙群岛', 460000, '', '', 1368120201),
(293, 500100, 0, 0, 1, '', '重庆市', 500000, '', '', 1368120201),
(294, 510100, 0, 0, 1, '', '成都市', 510000, '', '', 1368120201),
(295, 510300, 0, 0, 1, '', '自贡市', 510000, '', '', 1368120201),
(296, 510400, 0, 0, 1, '', '攀枝花市', 510000, '', '', 1368120201),
(297, 510500, 0, 0, 1, '', '泸州市', 510000, '', '', 1368120201),
(298, 510600, 0, 0, 1, '', '德阳市', 510000, '', '', 1368120201),
(299, 510700, 0, 0, 1, '', '绵阳市', 510000, '', '', 1368120201),
(300, 510800, 0, 0, 1, '', '广元市', 510000, '', '', 1368120201),
(301, 510900, 0, 0, 1, '', '遂宁市', 510000, '', '', 1368120201),
(302, 511000, 0, 0, 1, '', '内江市', 510000, '', '', 1368120201),
(303, 511100, 0, 0, 1, '', '乐山市', 510000, '', '', 1368120201),
(304, 511300, 0, 0, 1, '', '南充市', 510000, '', '', 1368120201),
(305, 511400, 0, 0, 1, '', '眉山市', 510000, '', '', 1368120201),
(306, 511500, 0, 0, 1, '', '宜宾市', 510000, '', '', 1368120201),
(307, 511600, 0, 0, 1, '', '广安市', 510000, '', '', 1368120201),
(308, 511700, 0, 0, 1, '', '达州市', 510000, '', '', 1368120201),
(309, 511800, 0, 0, 1, '', '雅安市', 510000, '', '', 1368120201),
(310, 511900, 0, 0, 1, '', '巴中市', 510000, '', '', 1368120201),
(311, 512000, 0, 0, 1, '', '资阳市', 510000, '', '', 1368120201),
(312, 513200, 0, 0, 1, '', '阿坝州', 510000, '', '', 1368120201),
(313, 513300, 0, 0, 1, '', '甘孜州', 510000, '', '', 1368120201),
(314, 513400, 0, 0, 1, '', '凉山州', 510000, '', '', 1368120201),
(315, 520100, 0, 0, 1, '', '贵阳市', 520000, '', '', 1368120201),
(316, 520200, 0, 0, 1, '', '六盘水市', 520000, '', '', 1368120201),
(317, 520300, 0, 0, 1, '', '遵义市', 520000, '', '', 1368120201),
(318, 520400, 0, 0, 1, '', '安顺市', 520000, '', '', 1368120201),
(319, 522200, 0, 0, 1, '', '铜仁市', 520000, '', '', 1368120201),
(320, 522300, 0, 0, 1, '', '黔西南州', 520000, '', '', 1368120201),
(321, 522400, 0, 0, 1, '', '毕节市', 520000, '', '', 1368120201),
(322, 522600, 0, 0, 1, '', '黔东南州', 520000, '', '', 1368120201),
(323, 522700, 0, 0, 1, '', '黔南州', 520000, '', '', 1368120201),
(324, 530100, 0, 0, 1, '', '昆明市', 530000, '', '', 1368120201),
(325, 530300, 0, 0, 1, '', '曲靖市', 530000, '', '', 1368120201),
(326, 530400, 0, 0, 1, '', '玉溪市', 530000, '', '', 1368120201),
(327, 530500, 0, 0, 1, '', '保山市', 530000, '', '', 1368120201),
(328, 530600, 0, 0, 1, '', '昭通市', 530000, '', '', 1368120201),
(329, 530700, 0, 0, 1, '', '丽江市', 530000, '', '', 1368120201),
(330, 530800, 0, 0, 1, '', '普洱市', 530000, '', '', 1368120201),
(331, 530900, 0, 0, 1, '', '临沧市', 530000, '', '', 1368120201),
(332, 532300, 0, 0, 1, '', '楚雄州', 530000, '', '', 1368120201),
(333, 532500, 0, 0, 1, '', '红河州', 530000, '', '', 1368120201),
(334, 532600, 0, 0, 1, '', '文山州', 530000, '', '', 1368120201),
(335, 532800, 0, 0, 1, '', '西双版纳州', 530000, '', '', 1368120201),
(336, 532900, 0, 0, 1, '', '大理州', 530000, '', '', 1368120201),
(337, 533100, 0, 0, 1, '', '德宏州', 530000, '', '', 1368120201),
(338, 533300, 0, 0, 1, '', '怒江州', 530000, '', '', 1368120201),
(339, 533400, 0, 0, 1, '', '迪庆州', 530000, '', '', 1368120201),
(340, 540100, 0, 0, 1, '', '拉萨市', 540000, '', '', 1368120201),
(341, 542100, 0, 0, 1, '', '昌都地区', 540000, '', '', 1368120201),
(342, 542200, 0, 0, 1, '', '山南地区', 540000, '', '', 1368120201),
(343, 542300, 0, 0, 1, '', '日喀则地区', 540000, '', '', 1368120201),
(344, 542400, 0, 0, 1, '', '那曲地区', 540000, '', '', 1368120201),
(345, 542500, 0, 0, 1, '', '阿里地区', 540000, '', '', 1368120201),
(346, 542600, 0, 0, 1, '', '林芝地区', 540000, '', '', 1368120201),
(347, 610100, 0, 0, 1, '', '西安市', 610000, '', '', 1368120201),
(348, 610200, 0, 0, 1, '', '铜川市', 610000, '', '', 1368120201),
(349, 610300, 0, 0, 1, '', '宝鸡市', 610000, '', '', 1368120201),
(350, 610400, 0, 0, 1, '', '咸阳市', 610000, '', '', 1368120201),
(351, 610500, 0, 0, 1, '', '渭南市', 610000, '', '', 1368120201),
(352, 610600, 0, 0, 1, '', '延安市', 610000, '', '', 1368120201),
(353, 610700, 0, 0, 1, '', '汉中市', 610000, '', '', 1368120201),
(354, 610800, 0, 0, 1, '', '榆林市', 610000, '', '', 1368120201),
(355, 610900, 0, 0, 1, '', '安康市', 610000, '', '', 1368120201),
(356, 611000, 0, 0, 1, '', '商洛市', 610000, '', '', 1368120201),
(357, 620100, 0, 0, 1, '', '兰州市', 620000, '', '', 1368120201),
(358, 620200, 0, 0, 1, '', '嘉峪关市', 620000, '', '', 1368120201),
(359, 620300, 0, 0, 1, '', '金昌市', 620000, '', '', 1368120201),
(360, 620400, 0, 0, 1, '', '白银市', 620000, '', '', 1368120201),
(361, 620500, 0, 0, 1, '', '天水市', 620000, '', '', 1368120201),
(362, 620600, 0, 0, 1, '', '武威市', 620000, '', '', 1368120201),
(363, 620700, 0, 0, 1, '', '张掖市', 620000, '', '', 1368120201),
(364, 620800, 0, 0, 1, '', '平凉市', 620000, '', '', 1368120201),
(365, 620900, 0, 0, 1, '', '酒泉市', 620000, '', '', 1368120201),
(366, 621000, 0, 0, 1, '', '庆阳市', 620000, '', '', 1368120201),
(367, 621100, 0, 0, 1, '', '定西市', 620000, '', '', 1368120201),
(368, 621200, 0, 0, 1, '', '陇南市', 620000, '', '', 1368120201),
(369, 622900, 0, 0, 1, '', '临夏州', 620000, '', '', 1368120201),
(370, 623000, 0, 0, 1, '', '甘南州', 620000, '', '', 1368120201),
(371, 630100, 0, 0, 1, '', '西宁市', 630000, '', '', 1368120201),
(372, 632100, 0, 0, 1, '', '海东地区', 630000, '', '', 1368120201),
(373, 632200, 0, 0, 1, '', '海北州', 630000, '', '', 1368120201),
(374, 632300, 0, 0, 1, '', '黄南州', 630000, '', '', 1368120201),
(375, 632500, 0, 0, 1, '', '海南州', 630000, '', '', 1368120201),
(376, 632600, 0, 0, 1, '', '果洛州', 630000, '', '', 1368120201),
(377, 632700, 0, 0, 1, '', '玉树州', 630000, '', '', 1368120201),
(378, 632800, 0, 0, 1, '', '海西州', 630000, '', '', 1368120201),
(379, 640100, 0, 0, 1, '', '银川市', 640000, '', '', 1368120202),
(380, 640200, 0, 0, 1, '', '石嘴山市', 640000, '', '', 1368120202),
(381, 640300, 0, 0, 1, '', '吴忠市', 640000, '', '', 1368120202),
(382, 640400, 0, 0, 1, '', '固原市', 640000, '', '', 1368120202),
(383, 640500, 0, 0, 1, '', '中卫市', 640000, '', '', 1368120202),
(384, 650100, 0, 0, 1, '', '乌鲁木齐市', 650000, '', '', 1368120202),
(385, 650200, 0, 0, 1, '', '克拉玛依市', 650000, '', '', 1368120202),
(386, 650300, 0, 0, 1, '', '米泉', 650000, '', '', 1368120202),
(387, 652100, 0, 0, 1, '', '吐鲁番地区', 650000, '', '', 1368120202),
(388, 652200, 0, 0, 1, '', '哈密地区', 650000, '', '', 1368120202),
(389, 652300, 0, 0, 1, '', '昌吉州', 650000, '', '', 1368120202),
(390, 652700, 0, 0, 1, '', '博尔塔拉州', 650000, '', '', 1368120202),
(391, 652800, 0, 0, 1, '', '巴音郭楞州', 650000, '', '', 1368120202),
(392, 652900, 0, 0, 1, '', '阿克苏地区', 650000, '', '', 1368120202),
(393, 653000, 0, 0, 1, '', '克孜勒苏州', 650000, '', '', 1368120202),
(394, 653100, 0, 0, 1, '', '喀什地区', 650000, '', '', 1368120202),
(395, 653200, 0, 0, 1, '', '和田地区', 650000, '', '', 1368120202),
(396, 654000, 0, 0, 1, '', '伊犁州', 650000, '', '', 1368120202),
(397, 654200, 0, 0, 1, '', '塔城地区', 650000, '', '', 1368120202),
(398, 654300, 0, 0, 1, '', '阿勒泰地区', 650000, '', '', 1368120202),
(399, 655100, 0, 0, 1, '', '石河子市', 650000, '', '', 1368120202),
(400, 655200, 0, 0, 1, '', '阿拉尔市', 650000, '', '', 1368120202),
(401, 655300, 0, 0, 1, '', '图木舒克市', 650000, '', '', 1368120202),
(402, 655400, 0, 0, 1, '', '五家渠市', 650000, '', '', 1368120202),
(403, 710100, 0, 0, 1, '', '台湾省', 710000, '', '', 1368120202),
(404, 810100, 0, 0, 1, '', '香港特区', 810000, '', '', 1368120202),
(405, 820100, 0, 0, 1, '', '澳门特区', 820000, '', '', 1368120202),
(406, 530901, 0, 0, 1, '', '临沧地区', 530000, '', '', 0),
(407, 423401, 0, 0, 1, '', '襄樊市', 420000, '', '', 0),
(408, 423402, 0, 0, 1, '', '钟祥市', 420000, '', '', 1368120200),
(409, 321301, 0, 0, 1, '', '张家港', 320000, '', '', 1368120199),
(410, 371701, 0, 0, 1, '', '莱阳市', 370000, '', '', 1368120200),
(411, 152901, 0, 0, 1, '', '霍林郭勒市', 150000, '', '', 1368120199),
(412, 222401, 0, 0, 1, '', '延吉市', 220000, '', '', 1368120199),
(413, 632801, 0, 0, 1, '', '格尔木市', 630000, '', '', 1368120201),
(414, 131101, 0, 0, 1, '', '任丘市', 130000, '', '', 1368120199),
(415, 655401, 0, 0, 1, '', '奎屯市', 650000, '', '', 1368120202),
(416, 655402, 0, 0, 1, '', '伊宁市', 650000, '', '', 1368120202),
(417, 655403, 0, 0, 1, '', '博乐市', 650000, '', '', 1368120202),
(418, 655404, 0, 0, 1, '', '库尔勒市', 650000, '', '', 1368120202),
(419, 522701, 0, 0, 1, '', '清镇市', 520000, '', '', 1368120201),
(420, 632802, 0, 0, 1, '', '德令哈市', 630000, '', '', 1368120201),
(421, 530902, 0, 0, 1, '', '景洪市', 530000, '', '', 1368120201),
(422, 530903, 0, 0, 1, '', '开远市', 530000, '', '', 1368120201),
(423, 433101, 0, 0, 1, '', '耒阳市', 430000, '', '', 1368120200),
(424, 433102, 0, 0, 1, '', '吉首市', 430000, '', '', 1368120200),
(425, 350901, 0, 0, 1, '', '永安市', 350000, '', '', 1368120200),
(426, 350902, 0, 0, 1, '', '晋江市', 350000, '', '', 1368120200),
(427, 433102, 0, 0, 1, '', '常德市', 430000, '', '', 1368120200),
(428, 522701, 0, 0, 1, '', '都匀', 520000, '', '', 1368120201),
(429, 522702, 0, 0, 1, '', '凯里市', 520000, '', '', 1368120201);

-- --------------------------------------------------------

--
-- 表的结构 `bees_coltypes`
--

CREATE TABLE IF NOT EXISTS `bees_coltypes` (
  `id` int(11) NOT NULL AUTO_INCREMENT COMMENT '标识',
  `sort_id` int(11) NOT NULL COMMENT '排序id',
  `fid` int(11) NOT NULL COMMENT '父类型',
  `depth` int(3) NOT NULL COMMENT '深度',
  `cid` int(4) NOT NULL DEFAULT '0' COMMENT '栏目ID',
  `name` varchar(30) NOT NULL DEFAULT 'ctype' COMMENT '表单名称，分类标志，单个栏目多个类型时',
  `title` varchar(30) NOT NULL COMMENT '标题类型',
  `identify` varchar(30) NOT NULL COMMENT '标记',
  `photo` varchar(30) NOT NULL COMMENT '图片',
  `thumb` varchar(200) NOT NULL COMMENT '缩略图',
  `show` int(1) NOT NULL DEFAULT '1' COMMENT '显示',
  PRIMARY KEY (`id`)
) ENGINE=InnoDB DEFAULT CHARSET=utf8 AUTO_INCREMENT=1 ;

-- --------------------------------------------------------

--
-- 表的结构 `bees_columns`
--

CREATE TABLE IF NOT EXISTS `bees_columns` (
  `id` int(4) NOT NULL AUTO_INCREMENT COMMENT '标识',
  `sort_id` int(4) DEFAULT NULL COMMENT '排序',
  `parent_id` int(4) NOT NULL DEFAULT '0' COMMENT '父标识(col id)',
  `depth` int(4) NOT NULL DEFAULT '1' COMMENT '深度',
  `identify` tinytext NOT NULL COMMENT 'url唯一标记(word or link)',
  `path` tinytext NOT NULL COMMENT 'urlpath',
  `title` tinytext NOT NULL COMMENT '标题',
  `title_seo` tinytext COMMENT '优化标题',
  `tags` tinytext COMMENT '标签',
  `intro` text COMMENT '简介',
  `mid` int(2) NOT NULL COMMENT '模型标识(Model id)',
  `temp_index` varchar(50) DEFAULT NULL COMMENT '前台模板栏目index',
  `temp_show` varchar(50) DEFAULT NULL COMMENT '内容展示模板show',
  `status` int(1) NOT NULL DEFAULT '1' COMMENT '0删除 1正常',
  `show` int(1) NOT NULL DEFAULT '1' COMMENT '0隐藏 1正常',
  PRIMARY KEY (`id`)
) ENGINE=MyISAM  DEFAULT CHARSET=utf8 COMMENT='栏目' AUTO_INCREMENT=5 ;

--
-- 转存表中的数据 `bees_columns`
--

INSERT INTO `bees_columns` (`id`, `sort_id`, `parent_id`, `depth`, `identify`, `path`, `title`, `title_seo`, `tags`, `intro`, `mid`, `temp_index`, `temp_show`, `status`, `show`) VALUES
(1, 1, 0, 0, 'sendmsg', '/sendmsg', '发送信息', '', '', '', 8, '', '', 1, 1),
(2, 2, 0, 0, 'room', '/room', '房间管理 - 已开启', '', '', '', 12, '', '', 1, 1),
(3, 3, 0, 0, 'room2', '/room2', '房间管理 - 未开启', '', '', '', 12, '', '', 1, 1);

-- --------------------------------------------------------

--
-- 表的结构 `bees_configs`
--

CREATE TABLE IF NOT EXISTS `bees_configs` (
  `id` int(11) NOT NULL AUTO_INCREMENT,
  `sort_id` int(11) NOT NULL,
  `category` varchar(30) NOT NULL COMMENT '分类',
  `key` varchar(30) NOT NULL COMMENT '键值',
  `value` tinytext NOT NULL COMMENT '值',
  `label` varchar(100) NOT NULL COMMENT '标题',
  `intor` tinytext COMMENT '简介',
  PRIMARY KEY (`id`)
) ENGINE=MyISAM  DEFAULT CHARSET=utf8 COMMENT='配置' AUTO_INCREMENT=28 ;

--
-- 转存表中的数据 `bees_configs`
--

INSERT INTO `bees_configs` (`id`, `sort_id`, `category`, `key`, `value`, `label`, `intor`) VALUES
(1, 1, 'adminer', 'title_suffix', '', '标题后缀', '后端标题栏显示内容的后缀.'),
(2, 9, 'site', 'copyright', '', 'CopyRight', '站点版权内容!'),
(3, 8, 'site', 'email', '', '联系邮箱', '网站联系人'),
(4, 4, 'site', 'title_suffix', '', '公司名称|品牌名称', '前台站点标题的后缀优化'),
(5, 5, 'site', 'title_seo', '', '首页标题[Title]', '网站首页优化标题'),
(6, 6, 'site', 'tags', '', '关键词[Keywords]', '网站首页关键词设定，使用`,`来间隔标签.'),
(7, 7, 'site', 'intro', '', '站点描述[Description]', '网站首页描述'),
(8, 10, 'site', 'icp', '', 'ICP编号', ''),
(9, 9, 'adminer', 'rember_hours', '72', '记住登录', '记住登录的时间，默认单位为小时。'),
(15, 10, 'adminer', 'nopurview', 'login,welcome,manager,ajax', '权限过滤', ''),
(10, 11, 'adminer', 'forbidden_hours', '2', '登录禁用', '账户登录错误超过6次时的禁用时间[小时]。'),
(11, 12, 'email', 'stmp', 'smtp.126.com', 'STMP服务器', ''),
(12, 13, 'email', 'account', 'erasin@126.com', '帐号', '发送帐号'),
(13, 14, 'email', 'pwd', 'lastway', '密码', ''),
(14, 15, 'email', 'port', '25', '端口', 'STMP端口[25]'),
(22, 12, 'email', 'name', '电邮名称', '电邮名称', '邮件地址显示的名称'),
(16, 3, 'site', 'title', '前端标题 ss', '网站标题', '用于保存前台站点的默认首页标题'),
(17, 1, 'upload', 'upload_size', '120m', '上传大小限制', '默认上传权限大小'),
(18, 2, 'upload', 'inline_file_types', 'gif|jpe?g|png|doc?|mp?|zip|pdf', '上传后缀过滤', '文件类型的上传'),
(19, 3, 'upload', 'memory_limit', '120m', '内存限制', ''),
(20, 4, 'upload', 'max_file_uploads', '10', '上传文件个数', '个数限制'),
(21, 5, 'upload', 'scale_width', '0', '上传图片默认宽度', '主要为编辑器上传图片设定'),
(23, 7, 'upload', 'watermark', '0', '图片水印', '图片使用背景为透明的PNG格式'),
(24, 0, 'html', 'html', '0', '开启静态', '是否使用静态生成'),
(25, 0, 'html', 'token', '', '验证密码', '对生成页面操作进行验证,用于第三方触发'),
(26, 0, 'html', 'urlmodel', '0', '路由模式', '0:ID;1:标题,2:拼音'),
(27, 6, 'upload', 'scale_height', '0', '上传图片高度', '主要为编辑器上传图片压缩高度');

-- --------------------------------------------------------

--
-- 表的结构 `bees_dealer`
--

CREATE TABLE IF NOT EXISTS `bees_dealer` (
  `id` int(11) NOT NULL AUTO_INCREMENT,
  `cid` int(11) NOT NULL,
  `ccid` int(11) DEFAULT '0',
  `type_id` int(11) DEFAULT NULL,
  `sort_id` int(11) NOT NULL DEFAULT '0',
  `audit` int(1) NOT NULL DEFAULT '0',
  `flag` int(1) NOT NULL DEFAULT '0',
  `show` int(1) NOT NULL DEFAULT '1',
  `status` int(1) NOT NULL DEFAULT '0',
  `title_seo` tinytext,
  `intro` varchar(500) DEFAULT NULL,
  `tags` tinytext,
  `content` mediumtext,
  `username` varchar(100) DEFAULT NULL,
  `password` varchar(64) DEFAULT NULL,
  `provinceid` int(12) DEFAULT NULL,
  `cityid` int(11) DEFAULT NULL,
  `title` tinytext,
  `functions` tinytext,
  `contacts` tinytext,
  `contact` tinytext,
  `address` tinytext,
  `lal` varchar(50) DEFAULT NULL,
  `timeline` int(11) DEFAULT NULL,
  `photo` varchar(255) DEFAULT NULL,
  `thumb` varchar(255) DEFAULT NULL,
  PRIMARY KEY (`id`)
) ENGINE=MyISAM  DEFAULT CHARSET=utf8 COMMENT='网站查询' AUTO_INCREMENT=2 ;

--
-- 转存表中的数据 `bees_dealer`
--

INSERT INTO `bees_dealer` (`id`, `cid`, `ccid`, `type_id`, `sort_id`, `audit`, `flag`, `show`, `status`, `title_seo`, `intro`, `tags`, `content`, `username`, `password`, `provinceid`, `cityid`, `title`, `functions`, `contacts`, `contact`, `address`, `lal`, `timeline`, `photo`, `thumb`) VALUES
(1, 37, 0, NULL, 1, 1, 0, 1, 0, '', '', '', NULL, NULL, 'cad2ce5f03cc1e28ea77aab4a50b9929', 330000, 330100, '杭州博采', NULL, NULL, '15957121952', '莫干山路841弄23号', '120.130694,30.307396', 1409384147, NULL, NULL);

-- --------------------------------------------------------

--
-- 表的结构 `bees_feedback`
--

CREATE TABLE IF NOT EXISTS `bees_feedback` (
  `id` int(11) NOT NULL AUTO_INCREMENT,
  `sort_id` int(11) DEFAULT NULL COMMENT '排序编号',
  `audit` int(1) NOT NULL DEFAULT '0' COMMENT '0:1审核',
  `type_id` int(11) DEFAULT NULL COMMENT '分类',
  `title` varchar(100) DEFAULT NULL COMMENT '标题',
  `content` text COMMENT '详细内容',
  `answer` text COMMENT '回答问题',
  `username` varchar(50) DEFAULT NULL COMMENT '用户名',
  `tel` varchar(50) DEFAULT NULL COMMENT '电话',
  `fax` varchar(50) CHARACTER SET utf8 COLLATE utf8_estonian_ci DEFAULT NULL COMMENT '传真',
  `email` varchar(100) DEFAULT NULL COMMENT '邮箱',
  `addr` varchar(100) DEFAULT NULL COMMENT '地址',
  `solve` int(1) DEFAULT '0' COMMENT '解决',
  `show` int(1) DEFAULT NULL COMMENT '是否显示',
  `timeline` int(11) DEFAULT NULL COMMENT '发布时间',
  `timeline_answer` int(11) DEFAULT NULL COMMENT '回复时间',
  PRIMARY KEY (`id`)
) ENGINE=MyISAM DEFAULT CHARSET=utf8 COMMENT='反馈' AUTO_INCREMENT=1 ;

-- --------------------------------------------------------

--
-- 表的结构 `bees_gallery`
--

CREATE TABLE IF NOT EXISTS `bees_gallery` (
  `id` int(11) NOT NULL AUTO_INCREMENT COMMENT '标识',
  `cid` int(4) NOT NULL COMMENT '栏目标识',
  `ccid` int(11) NOT NULL DEFAULT '0' COMMENT '栏目条目ID伪栏目',
  `sort_id` int(11) NOT NULL COMMENT '排序',
  `audit` int(1) NOT NULL DEFAULT '0' COMMENT '0:1审核',
  `flag` int(1) NOT NULL DEFAULT '0' COMMENT '0:1推荐',
  `ctype` int(4) NOT NULL DEFAULT '0' COMMENT '默认分类',
  `title` tinytext COMMENT '标题',
  `title_seo` tinytext COMMENT '优化标题',
  `tags` tinytext COMMENT '标签',
  `intro` varbinary(500) DEFAULT NULL COMMENT '简介',
  `photo` text COMMENT '图片列表',
  `thumb` text COMMENT '对应压缩图',
  `timeline` int(11) NOT NULL COMMENT '时间线',
  PRIMARY KEY (`id`)
) ENGINE=MyISAM DEFAULT CHARSET=utf8 COMMENT='画廊' AUTO_INCREMENT=1 ;

-- --------------------------------------------------------

--
-- 表的结构 `bees_honor`
--

CREATE TABLE IF NOT EXISTS `bees_honor` (
  `id` int(11) NOT NULL AUTO_INCREMENT,
  `sort_id` int(11) DEFAULT NULL COMMENT '排序编号',
  `audit` int(1) NOT NULL DEFAULT '0' COMMENT '0:1审核',
  `flag` int(1) NOT NULL DEFAULT '0' COMMENT '0:1推荐',
  `ctype` int(4) NOT NULL DEFAULT '0' COMMENT '默认分类',
  `cid` int(11) NOT NULL COMMENT '所属栏目 columns.id',
  `ccid` int(11) NOT NULL COMMENT '附属栏目id',
  `title` tinytext NOT NULL COMMENT '标题',
  `content` text COMMENT '详细内容',
  `url` tinytext COMMENT 'URL地址',
  `photo` tinytext COMMENT '图片',
  `thumb` tinytext COMMENT '缩略图',
  `show` int(1) DEFAULT '1' COMMENT '是否显示',
  `timeline` int(11) DEFAULT NULL COMMENT '发布日期',
  `title_seo` varchar(250) DEFAULT NULL,
  `tags` varchar(250) DEFAULT NULL,
  `intro` text,
  PRIMARY KEY (`id`)
) ENGINE=MyISAM DEFAULT CHARSET=utf8 COMMENT='荣耀' AUTO_INCREMENT=1 ;

-- --------------------------------------------------------

--
-- 表的结构 `bees_links`
--

CREATE TABLE IF NOT EXISTS `bees_links` (
  `id` int(4) NOT NULL AUTO_INCREMENT,
  `cid` int(4) NOT NULL COMMENT '栏目 id',
  `ccid` int(11) NOT NULL DEFAULT '0' COMMENT '栏目条目ID伪栏目',
  `sort_id` int(11) DEFAULT NULL COMMENT '排序编号',
  `audit` int(1) NOT NULL DEFAULT '0' COMMENT '0:1审核',
  `flag` int(1) NOT NULL DEFAULT '0' COMMENT '0:1推荐',
  `ctype` int(4) NOT NULL DEFAULT '0' COMMENT '默认分类',
  `title` tinytext NOT NULL COMMENT '标题',
  `content` text COMMENT '详细内容',
  `tip` tinytext COMMENT '鼠标悬停提示',
  `link` tinytext COMMENT 'URL地址',
  `photo` tinytext COMMENT '图片',
  `thumb` tinytext COMMENT '缩略图',
  `show` int(1) DEFAULT '1' COMMENT '是否显示',
  `timeline` int(11) DEFAULT NULL COMMENT '发布时间',
  PRIMARY KEY (`id`)
) ENGINE=MyISAM DEFAULT CHARSET=utf8 COMMENT='友情链接' AUTO_INCREMENT=1 ;

-- --------------------------------------------------------

--
-- 表的结构 `bees_lists`
--

CREATE TABLE IF NOT EXISTS `bees_lists` (
  `id` int(11) NOT NULL AUTO_INCREMENT COMMENT '标识',
  `cid` int(4) NOT NULL COMMENT '栏目 id',
  `ccid` int(11) NOT NULL DEFAULT '0' COMMENT '栏目条目ID伪栏目',
  `sort_id` int(11) NOT NULL COMMENT '排序',
  `audit` int(1) NOT NULL DEFAULT '0' COMMENT '0:1审核',
  `flag` int(1) NOT NULL DEFAULT '0' COMMENT '0:1推荐',
  `ctype` int(4) NOT NULL DEFAULT '0' COMMENT '默认分类',
  `title` tinytext COMMENT '小标题',
  `content` text COMMENT '内容',
  `timeline` int(11) NOT NULL COMMENT '时间线',
  PRIMARY KEY (`id`)
) ENGINE=MyISAM DEFAULT CHARSET=utf8 COMMENT='小列表' AUTO_INCREMENT=1 ;

-- --------------------------------------------------------

--
-- 表的结构 `bees_log`
--

CREATE TABLE IF NOT EXISTS `bees_log` (
  `id` int(11) NOT NULL AUTO_INCREMENT,
  `controller` varchar(50) NOT NULL,
  `url` mediumtext NOT NULL COMMENT '控制器',
  `category` varchar(50) NOT NULL DEFAULT '' COMMENT '级别: 1 view,2update,add,3,del',
  `message` tinytext NOT NULL COMMENT '备注',
  `mid` int(6) NOT NULL COMMENT '操作人',
  `ip` varchar(20) NOT NULL COMMENT 'IP地址',
  `timeline` int(11) NOT NULL COMMENT '时间线',
  `title` varchar(50) DEFAULT NULL,
  PRIMARY KEY (`id`)
) ENGINE=MyISAM  DEFAULT CHARSET=utf8 COMMENT='操作日志' AUTO_INCREMENT=158 ;

--
-- 转存表中的数据 `bees_log`
--

INSERT INTO `bees_log` (`id`, `controller`, `url`, `category`, `message`, `mid`, `ip`, `timeline`, `title`) VALUES
(17, 'login', '/bocms_hq/bocadmin/index.php/login?url=http://localhost/bocms_hq/bocadmin/index.php/welcome?', 'login', 'manager ID 1: 登录成功！', 1, '127.0.0.1', 1449449398, NULL),
(18, 'modules', '/bocms_new/out/houtai/index.php/modules/create', 'create', '添加数据id:11', 1, '127.0.0.1', 1469861439, NULL),
(19, 'login', '/beesConsole/out/houtai/index.php/login?url=http://localhost/beesConsole/out/houtai/index.php?', 'login', 'manager ID 1: 登录成功！', 1, '127.0.0.1', 1491891901, NULL),
(20, 'manager', '/beesConsole/out/houtai/index.php/manager/edit/1', 'update', '更新数据id:1', 1, '127.0.0.1', 1491891998, NULL),
(21, 'configs', '/beesConsole/out/houtai/index.php/configs/set', 'edit', '修改配置site.title_suffix:', 1, '127.0.0.1', 1491892017, NULL),
(22, 'configs', '/beesConsole/out/houtai/index.php/configs/set', 'edit', '修改配置site.title_seo:', 1, '127.0.0.1', 1491892019, NULL),
(23, 'configs', '/beesConsole/out/houtai/index.php/configs/set', 'edit', '修改配置site.tags:', 1, '127.0.0.1', 1491892022, NULL),
(24, 'configs', '/beesConsole/out/houtai/index.php/configs/set', 'edit', '修改配置site.intro:', 1, '127.0.0.1', 1491892025, NULL),
(25, 'configs', '/beesConsole/out/houtai/index.php/configs/set', 'edit', '修改配置adminer.title_suffix:', 1, '127.0.0.1', 1491892031, NULL),
(26, 'configs', '/beesConsole/out/houtai/index.php/configs/set', 'edit', '修改配置site.email:', 1, '127.0.0.1', 1491892039, NULL),
(27, 'configs', '/beesConsole/out/houtai/index.php/configs/set', 'edit', '修改配置site.copyright:', 1, '127.0.0.1', 1491892040, NULL),
(28, 'configs', '/beesConsole/out/houtai/index.php/configs/set', 'edit', '修改配置site.icp:', 1, '127.0.0.1', 1491892040, NULL),
(29, 'page', '/beesConsole/out/houtai/index.php/page/edit?c=1', 'update', '更新数据id:1', 1, '127.0.0.1', 1491892759, NULL),
(30, 'page', '/beesConsole/out/houtai/index.php/page/edit?c=1', 'update', '更新数据id:1', 1, '127.0.0.1', 1491893393, NULL),
(31, 'page', '/beesConsole/out/houtai/index.php/page/edit?c=1', 'update', '更新数据id:1', 1, '127.0.0.1', 1491894409, NULL),
(32, 'page', '/beesConsole/out/houtai/index.php/page/edit?c=1', 'update', '更新数据id:1', 1, '127.0.0.1', 1491894662, NULL),
(33, 'login', '/beesConsole/out/houtai/index.php/login?url=http://localhost/beesConsole/out/houtai/index.php/configs?', 'login', 'manager ID 1: 登录成功！', 1, '127.0.0.1', 1491904111, NULL),
(34, 'login', '/beesConsole/out/houtai/index.php/login?url=http://localhost/beesConsole/out/houtai/index.php?', 'login', 'manager ID 1: 登录成功！', 1, '127.0.0.1', 1491960659, NULL),
(35, 'login', '/beesConsole/out/houtai/index.php/login', 'login', 'manager ID 1: 登录成功！', 1, '127.0.0.1', 1491962410, NULL),
(36, 'modules', '/beesConsole/out/houtai/index.php/modules/create', 'create', '添加数据id:12', 1, '127.0.0.1', 1491963591, NULL),
(37, 'room', '/beesConsole/out/houtai/index.php/room/create?c=2', 'create', '添加数据id:1', 1, '127.0.0.1', 1491967626, NULL),
(38, 'room', '/beesConsole/out/houtai/index.php/room/audit?c=2', 'audit', '审核数据ID：1为1', 1, '127.0.0.1', 1491968300, NULL),
(39, 'room', '/beesConsole/out/houtai/index.php/room/audit?c=2', 'audit', '审核数据ID：1为0', 1, '127.0.0.1', 1491968303, NULL),
(40, 'room', '/beesConsole/out/houtai/index.php/room/audit?c=2', 'audit', '审核数据ID：1为1', 1, '127.0.0.1', 1491968310, NULL),
(41, 'room', '/beesConsole/out/houtai/index.php/room/audit?c=2', 'audit', '审核数据ID：1为0', 1, '127.0.0.1', 1491968314, NULL),
(42, 'room', '/beesConsole/out/houtai/index.php/room/audit?c=2', 'audit', '审核数据ID：1为1', 1, '127.0.0.1', 1491968368, NULL),
(43, 'room', '/beesConsole/out/houtai/index.php/room/audit?c=2', 'audit', '审核数据ID：1为0', 1, '127.0.0.1', 1491979493, NULL),
(44, 'room', '/beesConsole/out/houtai/index.php/room/audit?c=2', 'audit', '审核数据ID：1为1', 1, '127.0.0.1', 1491979494, NULL),
(45, 'room', '/beesConsole/out/houtai/index.php/room/edit/1?c=2', 'update', '更新数据id:1', 1, '127.0.0.1', 1491980995, NULL),
(46, 'room', '/beesConsole/out/houtai/index.php/room/delete?c=2&ids=1', 'delete', '删除数据id:1', 1, '127.0.0.1', 1492055722, NULL),
(47, 'room', '/beesConsole/out/houtai/index.php/room/create?c=2', 'create', '添加数据id:2', 1, '127.0.0.1', 1492065594, NULL),
(48, 'room', '/beesConsole/out/houtai/index.php/room/delete?c=2&ids=2', 'delete', '删除数据id:2', 1, '127.0.0.1', 1492068373, NULL),
(49, 'room', '/beesConsole/out/houtai/index.php/room/create?c=2', 'create', '添加数据id:3', 1, '127.0.0.1', 1492068384, NULL),
(50, 'room', '/beesConsole/out/houtai/index.php/room/create?c=2', 'create', '添加数据id:4', 1, '127.0.0.1', 1492070653, NULL),
(51, 'room', '/beesConsole/out/houtai/index.php/room/delete?c=2&ids=4', 'delete', '删除数据id:4', 1, '127.0.0.1', 1492070776, NULL),
(52, 'room', '/beesConsole/out/houtai/index.php/room/delete?c=2&ids=3', 'delete', '删除数据id:3', 1, '127.0.0.1', 1492070778, NULL),
(53, 'room', '/beesConsole/out/houtai/index.php/room/create?c=2', 'create', '添加数据id:5', 1, '127.0.0.1', 1492070785, NULL),
(54, 'room', '/beesConsole/out/houtai/index.php/room/create?c=2', 'create', '添加数据id:6', 1, '127.0.0.1', 1492071128, NULL),
(55, 'room', '/beesConsole/out/houtai/index.php/room/create?c=2', 'create', '添加数据id:7', 1, '127.0.0.1', 1492071138, NULL),
(56, 'room', '/beesConsole/out/houtai/index.php/room/delete?c=2&ids=7', 'delete', '删除数据id:7', 1, '127.0.0.1', 1492076050, NULL),
(57, 'room', '/beesConsole/out/houtai/index.php/room/delete?c=2&ids=6', 'delete', '删除数据id:6', 1, '127.0.0.1', 1492076052, NULL),
(58, 'room', '/beesConsole/out/houtai/index.php/room/delete?c=2&ids=5', 'delete', '删除数据id:5', 1, '127.0.0.1', 1492076055, NULL),
(59, 'room', '/beesConsole/out/houtai/index.php/room/create?c=2', 'create', '添加数据id:8', 1, '127.0.0.1', 1492076061, NULL),
(60, 'room', '/beesConsole/out/houtai/index.php/room/create?c=2', 'create', '添加数据id:9', 1, '127.0.0.1', 1492076793, NULL),
(61, 'room', '/beesConsole/out/houtai/index.php/room/edit/9?c=2', 'update', '更新数据id:9', 1, '127.0.0.1', 1492076912, NULL),
(62, 'room', '/beesConsole/out/houtai/index.php/room/edit/9?c=2', 'update', '更新数据id:9', 1, '127.0.0.1', 1492076919, NULL),
(63, 'room', '/beesConsole/out/houtai/index.php/room/edit/9?c=2', 'update', '更新数据id:9', 1, '127.0.0.1', 1492077017, NULL),
(64, 'room', '/beesConsole/out/houtai/index.php/room/create?c=2', 'create', '添加数据id:10', 1, '127.0.0.1', 1492077082, NULL),
(65, 'room', '/beesConsole/out/houtai/index.php/room/edit/10?c=2', 'update', '更新数据id:10', 1, '127.0.0.1', 1492077128, NULL),
(66, 'room', '/beesConsole/out/houtai/index.php/room/edit/10?c=2', 'update', '更新数据id:10', 1, '127.0.0.1', 1492136788, NULL),
(67, 'room', '/beesConsole/out/houtai/index.php/room/audit?c=2', 'audit', '审核数据ID：10为1', 1, '127.0.0.1', 1492157239, NULL),
(68, 'room', '/beesConsole/out/houtai/index.php/room/audit?c=2', 'audit', '审核数据ID：10为0', 1, '127.0.0.1', 1492157240, NULL),
(69, 'login', '/beesConsole/out/houtai/index.php/login', 'login', 'manager ID 1: 登录成功！', 1, '127.0.0.1', 1492162592, NULL),
(70, 'login', '/beesConsole/out/houtai/index.php/login?url=http://localhost/beesConsole/out/houtai/index.php?', 'login', 'manager ID 1: 登录成功！', 1, '127.0.0.1', 1492484666, NULL),
(71, 'columns', '/beesConsole/out/houtai/index.php/columns/edit/2', 'update', '更新数据id:2', 1, '127.0.0.1', 1492503437, NULL),
(72, 'columns', '/beesConsole/out/houtai/index.php/columns/edit/1', 'update', '更新数据id:1', 1, '127.0.0.1', 1492504551, NULL),
(73, 'page', '/beesConsole/out/houtai/index.php/page/edit?c=1', 'update', '更新数据id:1', 1, '127.0.0.1', 1492506920, NULL),
(74, 'page', '/beesConsole/out/houtai/index.php/page/edit?c=1', 'update', '更新数据id:1', 1, '127.0.0.1', 1492506972, NULL),
(75, 'room', '/beesConsole/out/houtai/index.php/room/audit?c=2', 'audit', '审核数据ID：10为1', 1, '127.0.0.1', 1492565140, NULL),
(76, 'room', '/beesConsole/out/houtai/index.php/room/audit?c=2', 'audit', '审核数据ID：10为0', 1, '127.0.0.1', 1492565144, NULL),
(77, 'room', '/beesConsole/out/houtai/index.php/room/audit?c=2', 'audit', '审核数据ID：10为1', 1, '127.0.0.1', 1492565330, NULL),
(78, 'room', '/beesConsole/out/houtai/index.php/room/audit?c=2', 'audit', '审核数据ID：10为0', 1, '127.0.0.1', 1492565331, NULL),
(79, 'room', '/beesConsole/out/houtai/index.php/room/audit?c=2', 'audit', '审核数据ID：9为1', 1, '127.0.0.1', 1492566354, NULL),
(80, 'room', '/beesConsole/out/houtai/index.php/room/audit?c=2', 'audit', '审核数据ID：10为1', 1, '127.0.0.1', 1492566358, NULL),
(81, 'room', '/beesConsole/out/houtai/index.php/room/audit?c=2', 'audit', '审核数据ID：10为0', 1, '127.0.0.1', 1492566361, NULL),
(82, 'room', '/beesConsole/out/houtai/index.php/room/audit?c=3', 'audit', '审核数据ID：10为1', 1, '127.0.0.1', 1492566374, NULL),
(83, 'room', '/beesConsole/out/houtai/index.php/room/audit?c=2', 'audit', '审核数据ID：10,9,8为0', 1, '127.0.0.1', 1492566433, NULL),
(84, 'room', '/beesConsole/out/houtai/index.php/room/audit?c=3', 'audit', '审核数据ID：10,9,8为1', 1, '127.0.0.1', 1492566440, NULL),
(85, 'page', '/beesConsole/out/houtai/index.php/page/edit?c=1', 'update', '更新数据id:1', 1, '127.0.0.1', 1492567791, NULL),
(86, 'room', '/beesConsole/out/houtai/index.php/room/audit?c=2', 'audit', '审核数据ID：10,9,8为0', 1, '127.0.0.1', 1492583403, NULL),
(87, 'room', '/beesConsole/out/houtai/index.php/room/audit?c=3', 'audit', '审核数据ID：10,9,8为1', 1, '127.0.0.1', 1492583413, NULL),
(88, 'room', '/beesConsole/out/houtai/index.php/room/delete?c=2&ids=10%2C9%2C8', 'delete', '删除数据id:10,9,8', 1, '127.0.0.1', 1492589611, NULL),
(89, 'room', '/beesConsole/out/houtai/index.php/room/create?c=2', 'create', '添加数据id:11', 1, '127.0.0.1', 1492589628, NULL),
(90, 'room', '/beesConsole/out/houtai/index.php/room/audit?c=2', 'audit', '审核数据ID：11为1', 1, '127.0.0.1', 1492589656, NULL),
(91, 'room', '/beesConsole/out/houtai/index.php/room/audit?c=2', 'audit', '审核数据ID：11为0', 1, '127.0.0.1', 1492589659, NULL),
(92, 'room', '/beesConsole/out/houtai/index.php/room/create?c=2', 'create', '添加数据id:12', 1, '127.0.0.1', 1492589913, NULL),
(93, 'room', '/beesConsole/out/houtai/index.php/room/audit?c=2', 'audit', '审核数据ID：12为1', 1, '127.0.0.1', 1492589956, NULL),
(94, 'room', '/beesConsole/out/houtai/index.php/room/audit?c=2', 'audit', '审核数据ID：12为0', 1, '127.0.0.1', 1492589982, NULL),
(95, 'room', '/beesConsole/out/houtai/index.php/room/audit?c=3', 'audit', '审核数据ID：12为1', 1, '127.0.0.1', 1492589988, NULL),
(96, 'room', '/beesConsole/out/houtai/index.php/room/audit?c=3', 'audit', '审核数据ID：11为1', 1, '127.0.0.1', 1492589988, NULL),
(97, 'room', '/beesConsole/out/houtai/index.php/room/create?c=2', 'create', '添加数据id:13', 1, '127.0.0.1', 1492590080, NULL),
(98, 'room', '/beesConsole/out/houtai/index.php/room/audit?c=2', 'audit', '审核数据ID：13,12,11为0', 1, '127.0.0.1', 1492590153, NULL),
(99, 'room', '/beesConsole/out/houtai/index.php/room/create?c=3', 'create', '添加数据id:14', 1, '127.0.0.1', 1492590164, NULL),
(100, 'login', '/beesConsole/out/houtai/index.php/login', 'login', 'manager ID 1: 登录成功！', 1, '127.0.0.1', 1492661383, NULL),
(101, 'room', '/beesConsole/out/houtai/index.php/room/delete?c=3&ids=14', 'delete', '删除数据id:14', 1, '127.0.0.1', 1492661617, NULL),
(102, 'room', '/beesConsole/out/houtai/index.php/room/delete?c=3&ids=13', 'delete', '删除数据id:13', 1, '127.0.0.1', 1492661625, NULL),
(103, 'room', '/beesConsole/out/houtai/index.php/room/delete?c=3&ids=12%2C11', 'delete', '删除数据id:12,11', 1, '127.0.0.1', 1492669735, NULL),
(104, 'room', '/beesConsole/out/houtai/index.php/room/delete?c=2&ids=1', 'delete', '删除数据id:1', 1, '127.0.0.1', 1492672403, NULL),
(105, 'login', '/beesConsole/out/houtai/index.php/login', 'login', 'manager ID 1: 登录成功！', 1, '127.0.0.1', 1492674559, NULL),
(106, 'article', '/beesConsole/out/houtai/index.php/article/create?c=4', 'create', '添加数据id:396', 1, '127.0.0.1', 1492674602, NULL),
(107, 'columns', '/beesConsole/out/houtai/index.php/columns/delete?ids=4', 'delete', '删除数据id:4', 1, '127.0.0.1', 1492674727, NULL),
(108, 'login', '/beesConsole/out/houtai/index.php/login?url=http://localhost/beesConsole/out/houtai/index.php/room/index/2?', 'login', 'manager ID 1: 登录成功！', 1, '0.0.0.0', 1492675772, NULL),
(109, 'room', '/beesConsole/out/houtai/index.php/room/audit?c=2', 'audit', '审核数据ID：1为1', 1, '0.0.0.0', 1492675780, NULL),
(110, 'room', '/beesConsole/out/houtai/index.php/room/audit?c=2', 'audit', '审核数据ID：1为0', 1, '0.0.0.0', 1492675781, NULL),
(111, 'room', '/beesConsole/out/houtai/index.php/room/audit?c=2', 'audit', '审核数据ID：1为1', 1, '0.0.0.0', 1492675788, NULL),
(112, 'room', '/beesConsole/out/houtai/index.php/room/audit?c=2', 'audit', '审核数据ID：1为0', 1, '0.0.0.0', 1492675789, NULL),
(113, 'room', '/beesConsole/out/houtai/index.php/room/audit?c=2', 'audit', '审核数据ID：1为1', 1, '0.0.0.0', 1492675901, NULL),
(114, 'room', '/beesConsole/out/houtai/index.php/room/audit?c=2', 'audit', '审核数据ID：1为0', 1, '0.0.0.0', 1492675901, NULL),
(115, 'room', '/beesConsole/out/houtai/index.php/room/audit?c=3', 'audit', '审核数据ID：1为1', 1, '0.0.0.0', 1492675907, NULL),
(116, 'room', '/beesConsole/out/houtai/index.php/room/audit?c=2', 'audit', '审核数据ID：1为0', 1, '0.0.0.0', 1492675912, NULL),
(117, 'login', '/beesConsole/out/houtai/index.php/login?url=http://localhost/beesConsole/out/houtai/index.php/room/index/2?', 'login', 'manager ID 1: 登录成功！', 1, '127.0.0.1', 1492675970, NULL),
(118, 'room', '/beesConsole/out/houtai/index.php/room/audit?c=3', 'audit', '审核数据ID：1为1', 1, '127.0.0.1', 1492675973, NULL),
(119, 'room', '/beesConsole/out/houtai/index.php/room/audit?c=2', 'audit', '审核数据ID：1为0', 1, '127.0.0.1', 1492675979, NULL),
(120, 'room', '/beesConsole/out/houtai/index.php/room/audit?c=3', 'audit', '审核数据ID：1为1', 1, '127.0.0.1', 1492675983, NULL),
(121, 'login', '/beesConsole/out/houtai/index.php/login?url=http://localhost/beesConsole/out/houtai/index.php/room/index/2?', 'login', 'manager ID 1: 登录成功！', 1, '0.0.0.0', 1492676619, NULL),
(122, 'room', '/beesConsole/out/houtai/index.php/room/audit?c=2', 'audit', '审核数据ID：1为0', 1, '0.0.0.0', 1492676622, NULL),
(123, 'login', '/beesConsole/out/houtai/index.php/login?url=http://localhost/beesConsole/out/houtai/index.php/room/index/2?', 'login', 'manager ID 1: 登录成功！', 1, '127.0.0.1', 1492676856, NULL),
(124, 'room', '/beesConsole/out/houtai/index.php/room/audit?c=3', 'audit', '审核数据ID：1为1', 1, '127.0.0.1', 1492676869, NULL),
(125, 'room', '/beesConsole/out/houtai/index.php/room/audit?c=2', 'audit', '审核数据ID：1为0', 1, '127.0.0.1', 1492676886, NULL),
(126, 'room', '/beesConsole/out/houtai/index.php/room/audit?c=3', 'audit', '审核数据ID：1为1', 1, '127.0.0.1', 1492676896, NULL),
(127, 'room', '/beesConsole/out/houtai/index.php/room/delete?c=2&ids=1', 'delete', '删除数据id:1', 1, '127.0.0.1', 1492746949, NULL),
(128, 'manager_group', '/beesConsole/out/houtai/index.php/manager_group/edit/3', 'update', '更新数据id:3', 1, '127.0.0.1', 1492747446, NULL),
(129, 'manager', '/beesConsole/out/houtai/index.php/manager/create', 'create', '添加数据id:2', 1, '127.0.0.1', 1492747472, NULL),
(130, 'manager', '/beesConsole/out/houtai/index.php/manager/edit/2', 'update', '更新数据id:2', 1, '127.0.0.1', 1492747478, NULL),
(131, 'login', '/beesConsole/out/houtai/index.php/login', 'login', 'manager ID 2: 登录成功！', 2, '127.0.0.1', 1492747490, NULL),
(132, 'login', '/beesConsole/out/houtai/index.php/login', 'login', 'manager ID 1: 登录成功！', 1, '127.0.0.1', 1492747516, NULL),
(133, 'manager_group', '/beesConsole/out/houtai/index.php/manager_group/edit/3', 'update', '更新数据id:3', 1, '127.0.0.1', 1492754449, NULL),
(134, 'manager_group', '/beesConsole/out/houtai/index.php/manager_group/edit/3', 'update', '更新数据id:3', 1, '127.0.0.1', 1492754460, NULL),
(135, 'manager_group', '/beesConsole/out/houtai/index.php/manager_group/edit/3', 'update', '更新数据id:3', 1, '127.0.0.1', 1492754470, NULL),
(136, 'login', '/beesConsole/out/houtai/index.php/login', 'login', 'manager ID 2: 登录成功！', 2, '127.0.0.1', 1492754480, NULL),
(137, 'login', '/beesConsole/out/houtai/index.php/login', 'login', 'manager ID 1: 登录成功！', 1, '127.0.0.1', 1492754508, NULL),
(138, 'manager_group', '/beesConsole/out/houtai/index.php/manager_group/edit/3', 'update', '更新数据id:3', 1, '127.0.0.1', 1492754535, NULL),
(139, 'login', '/beesConsole/out/houtai/index.php/login', 'login', 'manager ID 2: 登录成功！', 2, '127.0.0.1', 1492754539, NULL),
(140, 'login', '/beesConsole/out/houtai/index.php/login', 'login', 'manager ID 1: 登录成功！', 1, '127.0.0.1', 1492754567, NULL),
(141, 'manager_group', '/beesConsole/out/houtai/index.php/manager_group/delete?ids=3', 'delete', '删除数据id:3', 1, '127.0.0.1', 1492756336, NULL),
(142, 'manager_group', '/beesConsole/out/houtai/index.php/manager_group/delete?ids=2', 'delete', '删除数据id:2', 1, '127.0.0.1', 1492756338, NULL),
(143, 'manager_group', '/beesConsole/out/houtai/index.php/manager_group/create', 'create', '添加数据id:5', 1, '127.0.0.1', 1492756374, NULL),
(144, 'manager_group', '/beesConsole/out/houtai/index.php/manager_group/create', 'create', '添加数据id:6', 1, '127.0.0.1', 1492756403, NULL),
(145, 'manager', '/beesConsole/out/houtai/index.php/manager/create', 'create', '添加数据id:3', 1, '127.0.0.1', 1492756453, NULL),
(146, 'login', '/beesConsole/out/houtai/index.php/login', 'login', 'manager ID 2: 登录成功！', 2, '127.0.0.1', 1492756471, NULL),
(147, 'login', '/beesConsole/out/houtai/index.php/login', 'login', 'manager ID 1: 登录成功！', 1, '127.0.0.1', 1492756922, NULL),
(148, 'manager_group', '/beesConsole/out/houtai/index.php/manager_group/edit/6', 'update', '更新数据id:6', 1, '127.0.0.1', 1492756949, NULL),
(149, 'manager_group', '/beesConsole/out/houtai/index.php/manager_group/edit/6', 'update', '更新数据id:6', 1, '127.0.0.1', 1492756957, NULL),
(150, 'login', '/beesConsole/out/houtai/index.php/login', 'login', 'manager ID 2: 登录成功！', 2, '127.0.0.1', 1492756966, NULL),
(151, 'login', '/beesConsole/out/houtai/index.php/login', 'login', 'manager ID 1: 登录成功！', 1, '127.0.0.1', 1492757026, NULL),
(152, 'manager_group', '/beesConsole/out/houtai/index.php/manager_group/edit/5', 'update', '更新数据id:5', 1, '127.0.0.1', 1492757061, NULL),
(153, 'manager_group', '/beesConsole/out/houtai/index.php/manager_group/edit/6', 'update', '更新数据id:6', 1, '127.0.0.1', 1492757076, NULL),
(154, 'login', '/beesConsole/out/houtai/index.php/login', 'login', 'manager ID 2: 登录成功！', 2, '127.0.0.1', 1492757085, NULL),
(155, 'login', '/beesConsole/out/houtai/index.php/login', 'login', 'manager ID 1: 登录成功！', 1, '127.0.0.1', 1492759706, NULL),
(156, 'manager', '/beesConsole/out/houtai/index.php/manager/edit/2', 'update', '更新数据id:2', 1, '127.0.0.1', 1492764733, NULL),
(157, 'login', '/beesConsole/out/houtai/index.php/login', 'login', 'manager ID 2: 登录成功！', 2, '127.0.0.1', 1492764741, NULL);

-- --------------------------------------------------------

--
-- 表的结构 `bees_manager`
--

CREATE TABLE IF NOT EXISTS `bees_manager` (
  `id` int(6) NOT NULL AUTO_INCREMENT,
  `uname` varchar(50) NOT NULL COMMENT '用户名',
  `nickname` varchar(50) DEFAULT NULL COMMENT '显示名称',
  `pwd` varchar(64) NOT NULL COMMENT '密码',
  `gid` varchar(64) NOT NULL DEFAULT '2' COMMENT '用户组ID',
  `email` varchar(100) NOT NULL COMMENT 'email',
  `tel` varchar(30) DEFAULT NULL COMMENT '电话',
  `phone` varchar(30) DEFAULT NULL COMMENT '手机',
  `addr` varchar(100) DEFAULT NULL COMMENT '地址',
  `status` int(1) NOT NULL DEFAULT '1' COMMENT '用户状态，0 禁用',
  `login_today` int(11) DEFAULT NULL COMMENT '今日登录次数',
  `pwd_errors` int(1) NOT NULL DEFAULT '0' COMMENT '密码错误次数',
  `login_ip` varchar(25) DEFAULT NULL COMMENT '最后登录的IP',
  `reg_time` int(11) DEFAULT NULL COMMENT '添加时间',
  `login_time` int(11) DEFAULT NULL COMMENT '最后一次登录时间',
  `ga` int(1) DEFAULT '0' COMMENT 'GA 两部验证密钥 开启与否',
  `getpass` int(11) DEFAULT NULL COMMENT '获取密码时间',
  PRIMARY KEY (`id`)
) ENGINE=MyISAM  DEFAULT CHARSET=utf8 COMMENT='后端管理帐号' AUTO_INCREMENT=4 ;

--
-- 转存表中的数据 `bees_manager`
--

INSERT INTO `bees_manager` (`id`, `uname`, `nickname`, `pwd`, `gid`, `email`, `tel`, `phone`, `addr`, `status`, `login_today`, `pwd_errors`, `login_ip`, `reg_time`, `login_time`, `ga`, `getpass`) VALUES
(1, 'beesadmin', '超级用户', '9a3749436e553d63bcf1a4844c55b46c', '1', 'uchihaitachi0804@vip.qq.com', '', '', '', 1, 0, 0, '127.0.0.1', 1376471117, 1492759706, 1, 1389317880),
(2, 'freeze', 'FreeZe', '9a3749436e553d63bcf1a4844c55b46c', '6', '', '', '', '', 1, NULL, 0, '127.0.0.1', 1492756453, 1492764741, 0, NULL);

-- --------------------------------------------------------

--
-- 表的结构 `bees_manager_group`
--

CREATE TABLE IF NOT EXISTS `bees_manager_group` (
  `id` int(2) NOT NULL AUTO_INCREMENT,
  `purview` text NOT NULL COMMENT '权限id序列',
  `title` varchar(50) NOT NULL COMMENT '用户组名称',
  `title_en` varchar(50) NOT NULL COMMENT '用户组名称en',
  PRIMARY KEY (`id`)
) ENGINE=MyISAM  DEFAULT CHARSET=utf8 COMMENT='权限组' AUTO_INCREMENT=7 ;

--
-- 转存表中的数据 `bees_manager_group`
--

INSERT INTO `bees_manager_group` (`id`, `purview`, `title`, `title_en`) VALUES
(5, '4c300702aa4d21797b0e34da0fc26869,1607fad596776e92e457d9d80e908c7f,5bd4ab819b72cfa8e5febb396a73c400,6b194dff69e7d39e2c6468327b21428b,de7cacf92fb8138525bb183386c288ee,a9d25db3daca974ba13ce0a02fcf7b5c,174b623e63553598125670d37983de8f,bb47d413d1f4770013c258bbdcf09949,62b72fd0babf949fb9ea42ea87c80aec,1e05ee4ad928ab5a36d2632ed0ae2d83,29136c18fb370ee0c68ae7618673d429,70ebcb672712e9b005906b6b9553368d,90f666cd85c59e8ec6193c7b0d06ce0c,22d51e966a895f1f13fd0f5e4be375de,9f9aaa3439cd9aef3f7f2b6c01cc54e1', '维护员', ''),
(6, 'de7cacf92fb8138525bb183386c288ee', '用户', ''),
(1, 'a634cc19664a4f86577556784da60940,7afb566e83d3dca2d8a47c8cc29e7e36,ff2fa0336fe8fbc6a51c4707aa47c3e3,bfc0ef3829e8d84dfc8d31e5edc26d0f,a155574e57e9a8a0d0c6ecb1c511da68,fddc215a132fa97ca3c193f1cae5cf9f,52b7869014f743535798ba509432feb1,a2756c433a39a2319e61bcd68a758265,5341fd0c5de128ab7979a7414b2e586a,e537f9c0308cbfeb6ee40b4e4c344947,c2bc4d65c38311ab74b9dc39680d82df,efdb91a0f150375b423d8361d254241f,a3c8c3d444880bda2a553b8f3eb6695b,4141c0f8e6a977cd7048cd9d751af350,3045880458ee8b8734bf6b3307acd0d5,dbc10e6bbc54c0ea6f49e604839f5526,048c50d364a23dfcec0a87aa49e19eb8,c54e594684ebf2862c75ba29d83f71be,3345e3e48188396dc21242fb119ba6b1,2ebbbd65b4e2fc52a3ce44de2160e8d2,12fb6543af2e5541b0fc4f8fdd950be0,8d2159c1e0cf70473e66866eb026e80f,c166381208e23d3f4d65dec1231ccf76,3025704bb00b809798194964bccb8d3d,60decd16ccd83e013261697b7cc93bc6,7847598074d20e5abc220cb05a606213,afef320193ab13431e6b085c847b8094,9b4b25e0ea18183e9b085cc116246220,2e0115348725a3f383d8daa4354c7c3a,524c66aa98b226bd78bc7e7ad0423de7,66bfe11515e892dbf8bb4a5a92792e8b,50b03d671787f35800682c10c90a75bf,a1873764d0aa66fa9c6d34e16dcc86c2,0e69c6f28f25c24fe241da13093f9b12,6d119f7ae0c3c090ed51e672203c000f,7ff25ae6e8120b5ae5b5fb7b86a11641,53a396649c27c4e0dbd96fe57c2377e9,f59d0f67b7223a083e4449d583e90307,a41e16b61dd21e98c8143409d807890b,e44bd2f89f2820521a93c981c8af920d,f729102b0a0a547d20a4322e2d12cf71,7cf04cb70fa2f26d449acfb7974fd417,a7cd680c1676df4fdb93e7bdd83d6b3c,5f667ab7322f039e4e7e0ba8b04edf2f,6470d2304686b20640688c6d9dc44b46,df53f98d0b09ef3173cc8d594671fa6f,051071e245077a8126a4607e2148f327,224a58fde770d8718f7c06ac852fd9ae,0309718bf1a4785dcbf1e34461213c3e,d174c0a461db66945abcd861216dd94a,494b71b75af1e63c628544872f3c54d4,454f6e4ce4e57bd58eefda7d3fea1fa5,a87d77b65f6d1e8380b3d05290a994d0,430f99bc176c67ec705091d6a5da07d4,d230f6a24270b02237beb82a23e2742f,e5ba15d009798276692f84b4e0c9c1e9,026e09db119a340d72c2d5a611dfedb1,33a3ca4433131ad797eb4a7ff8bdb40b,87f64ed3bd52c1d6396fcb9908cb7fdf', '管理员', 'root');

-- --------------------------------------------------------

--
-- 表的结构 `bees_manager_purview`
--

CREATE TABLE IF NOT EXISTS `bees_manager_purview` (
  `id` int(4) NOT NULL AUTO_INCREMENT,
  `model` varchar(30) NOT NULL COMMENT '控制模型',
  `method` varchar(30) NOT NULL COMMENT '控制函数',
  `cid` varchar(30) DEFAULT NULL COMMENT 'column id 参数',
  `uri` varchar(64) NOT NULL COMMENT '权限地址md5(model/method)',
  `title` varchar(50) NOT NULL COMMENT '权限名称',
  `status` int(1) NOT NULL DEFAULT '0' COMMENT '是否使用权限',
  PRIMARY KEY (`id`)
) ENGINE=MyISAM  DEFAULT CHARSET=utf8 COMMENT='用户组权限' AUTO_INCREMENT=490 ;

--
-- 转存表中的数据 `bees_manager_purview`
--

INSERT INTO `bees_manager_purview` (`id`, `model`, `method`, `cid`, `uri`, `title`, `status`) VALUES
(313, 'configs', 'index', '', 'fddc215a132fa97ca3c193f1cae5cf9f', '配置查看', 1),
(314, 'configs', 'set', '', 'a155574e57e9a8a0d0c6ecb1c511da68', '配置修改', 1),
(315, 'columns', 'index', '', 'bfc0ef3829e8d84dfc8d31e5edc26d0f', '栏目列表', 1),
(316, 'columns', 'create', '', 'ff2fa0336fe8fbc6a51c4707aa47c3e3', '栏目添加', 1),
(317, 'columns', 'edit', '', '7afb566e83d3dca2d8a47c8cc29e7e36', '栏目修改', 1),
(318, 'columns', 'delete', '', '4115dd2b6affc9e3626c695e398f335a', '栏目删除', 1),
(319, 'modules', 'index', '', 'c54e594684ebf2862c75ba29d83f71be', '模型查看', 1),
(320, 'modules', 'create', '', '048c50d364a23dfcec0a87aa49e19eb8', '模型添加', 1),
(321, 'modules', 'edit', '', 'dbc10e6bbc54c0ea6f49e604839f5526', '模型修改', 1),
(322, 'modules', 'delete', '', 'bbff3957029793ef5163df61fbe018a5', '删除模型', 1),
(323, 'manager_purview', 'index', '', '4141c0f8e6a977cd7048cd9d751af350', '权限管理', 1),
(324, 'manager_purview', 'create', '', 'a3c8c3d444880bda2a553b8f3eb6695b', '权限添加', 1),
(325, 'manager_purview', 'edit', '', 'efdb91a0f150375b423d8361d254241f', '权限修改', 1),
(326, 'manager_purview', 'delete', '', '35845fea21044129353364ba21f144a0', '权限删除', 1),
(327, 'manager_group', 'index', '', 'e537f9c0308cbfeb6ee40b4e4c344947', '用户组查看', 1),
(328, 'manager_group', 'create', '', '5341fd0c5de128ab7979a7414b2e586a', '用户组添加', 1),
(329, 'manager_group', 'edit', '', 'a2756c433a39a2319e61bcd68a758265', '用户组修改', 1),
(330, 'manager_group', 'delete', '', '7d5101dc315695e13463ffdf708b5865', '用户组删除', 1),
(334, 'upload', 'uploado', '', '3345e3e48188396dc21242fb119ba6b1', '上传', 0),
(475, 'room', 'index', '3', '9f9aaa3439cd9aef3f7f2b6c01cc54e1', '查看', 0),
(476, 'room', 'create', '3', '22d51e966a895f1f13fd0f5e4be375de', '创建', 1),
(477, 'room', 'edit', '3', '90f666cd85c59e8ec6193c7b0d06ce0c', '编辑', 1),
(478, 'room', 'delete', '3', '70ebcb672712e9b005906b6b9553368d', '删除', 1),
(479, 'room', 'audit', '3', '29136c18fb370ee0c68ae7618673d429', '审核', 1),
(480, 'room', 'index', '2', '1e05ee4ad928ab5a36d2632ed0ae2d83', '查看', 0),
(481, 'room', 'create', '2', '62b72fd0babf949fb9ea42ea87c80aec', '创建', 1),
(482, 'room', 'edit', '2', 'bb47d413d1f4770013c258bbdcf09949', '编辑', 1),
(483, 'room', 'delete', '2', '174b623e63553598125670d37983de8f', '删除', 1),
(484, 'room', 'audit', '2', 'a9d25db3daca974ba13ce0a02fcf7b5c', '审核', 1),
(485, 'page', 'index', '1', 'de7cacf92fb8138525bb183386c288ee', '查看', 0),
(486, 'page', 'create', '1', '6b194dff69e7d39e2c6468327b21428b', '创建', 1),
(487, 'page', 'edit', '1', '5bd4ab819b72cfa8e5febb396a73c400', '编辑', 1),
(488, 'page', 'delete', '1', '1607fad596776e92e457d9d80e908c7f', '删除', 1),
(489, 'page', 'audit', '1', '4c300702aa4d21797b0e34da0fc26869', '审核', 1);

-- --------------------------------------------------------

--
-- 表的结构 `bees_modules`
--

CREATE TABLE IF NOT EXISTS `bees_modules` (
  `id` int(2) NOT NULL AUTO_INCREMENT COMMENT '模型标识',
  `sort_id` int(2) NOT NULL,
  `title` varchar(50) NOT NULL COMMENT '显示名称',
  `controller` varchar(50) NOT NULL COMMENT '控制器名称',
  PRIMARY KEY (`id`)
) ENGINE=MyISAM  DEFAULT CHARSET=utf8 COMMENT='栏目模型' AUTO_INCREMENT=13 ;

--
-- 转存表中的数据 `bees_modules`
--

INSERT INTO `bees_modules` (`id`, `sort_id`, `title`, `controller`) VALUES
(1, 0, '链接', 'links'),
(3, 0, '文章', 'article'),
(6, 0, '清单', 'lists'),
(7, 3, '期刊', 'gallery'),
(8, 1, '单页', 'page'),
(9, 4, '产品', 'product'),
(10, 0, '招聘', 'recruit'),
(11, 5, 'banner', 'banner'),
(12, 6, '房间管理', 'room');

-- --------------------------------------------------------

--
-- 表的结构 `bees_msgs`
--

CREATE TABLE IF NOT EXISTS `bees_msgs` (
  `id` int(11) NOT NULL AUTO_INCREMENT COMMENT '标识',
  `title` varchar(100) NOT NULL COMMENT '标题',
  `msg` tinytext COMMENT '提示消息',
  `level` int(1) DEFAULT '1' COMMENT '类型: 1notie 2info 3 success 4error',
  `timeline` int(11) NOT NULL COMMENT '时间',
  `markread` int(1) NOT NULL COMMENT '是否阅读',
  `notify` int(1) DEFAULT '0' COMMENT '是否提示过',
  `byer` int(6) NOT NULL DEFAULT '0' COMMENT '发送者 mid system is 0',
  `toer` int(6) NOT NULL COMMENT '接受者 mid',
  PRIMARY KEY (`id`)
) ENGINE=MyISAM  DEFAULT CHARSET=utf8 COMMENT='消息提示' AUTO_INCREMENT=9 ;

-- --------------------------------------------------------

--
-- 表的结构 `bees_page`
--

CREATE TABLE IF NOT EXISTS `bees_page` (
  `id` int(11) NOT NULL AUTO_INCREMENT COMMENT '唯一编号',
  `cid` int(4) DEFAULT NULL COMMENT '栏目id',
  `ccid` int(11) DEFAULT '0' COMMENT '栏目条目ID伪栏目',
  `sort_id` int(11) DEFAULT '0' COMMENT '排序编号',
  `audit` int(1) DEFAULT '0' COMMENT '审核',
  `title` tinytext COMMENT '标题',
  `title_seo` tinytext,
  `intro` varchar(500) DEFAULT NULL COMMENT '简介(200汉字)',
  `tags` tinytext COMMENT '标签',
  `content` text COMMENT '内容',
  `photo` varchar(200) DEFAULT NULL COMMENT '图片组',
  `thumb` varchar(200) DEFAULT NULL COMMENT '缩略图',
  `template` varchar(200) DEFAULT NULL COMMENT '模板',
  `timeline` int(10) DEFAULT NULL COMMENT '发布/修改时间',
  `attachment` tinytext COMMENT '附件',
  `status` tinyint(1) NOT NULL DEFAULT '2' COMMENT '0开始 1全部不说话 2结束',
  `setnum` int(11) NOT NULL DEFAULT '0' COMMENT '控制账号个数',
  `setfreq` int(11) NOT NULL DEFAULT '0' COMMENT '控制发弹幕的频率',
  `addroom` int(11) NOT NULL DEFAULT '0' COMMENT '实现房间的跳转',
  `settext` varchar(255) NOT NULL COMMENT '引导弹幕内容',
  `delroom` int(11) NOT NULL DEFAULT '0' COMMENT '删除房间',
  `setjumptime` int(11) NOT NULL DEFAULT '60' COMMENT '跳转房间间隔时间',
  `setqueuenum` int(11) NOT NULL DEFAULT '0' COMMENT '带节奏的账号个数（必须小于setnum 控制账号个数）',
  `duration` int(11) NOT NULL DEFAULT '0' COMMENT '持续时间',
  `logininterval` int(11) NOT NULL DEFAULT '0' COMMENT '多个帐号登录间隔  ',
  `rid` varchar(20) NOT NULL COMMENT '房间号',
  `msg` varchar(255) NOT NULL COMMENT '信息内容',
  `repeat` int(11) NOT NULL DEFAULT '1' COMMENT '重复次数',
  PRIMARY KEY (`id`)
) ENGINE=MyISAM  DEFAULT CHARSET=utf8 COMMENT='单页表' AUTO_INCREMENT=2 ;

--
-- 转存表中的数据 `bees_page`
--

INSERT INTO `bees_page` (`id`, `cid`, `ccid`, `sort_id`, `audit`, `title`, `title_seo`, `intro`, `tags`, `content`, `photo`, `thumb`, `template`, `timeline`, `attachment`, `status`, `setnum`, `setfreq`, `addroom`, `settext`, `delroom`, `setjumptime`, `setqueuenum`, `duration`, `logininterval`, `rid`, `msg`, `repeat`) VALUES
(1, 1, 0, 1, 0, '发送信息', '', '', '', NULL, NULL, NULL, NULL, 1491892136, NULL, 1, 5, 0, 0, '', 0, 60, 4, 0, 0, '12313', '4', 1);

-- --------------------------------------------------------

--
-- 表的结构 `bees_product`
--

CREATE TABLE IF NOT EXISTS `bees_product` (
  `id` int(11) NOT NULL AUTO_INCREMENT,
  `cid` int(11) DEFAULT NULL COMMENT '栏目id',
  `sort_id` int(11) DEFAULT '1' COMMENT '排序编号',
  `ccid` int(11) NOT NULL DEFAULT '0' COMMENT '栏目条目ID伪栏目',
  `audit` int(1) DEFAULT '0' COMMENT '0/1审核',
  `flag` int(1) NOT NULL DEFAULT '0' COMMENT '0:1推荐',
  `ctype` int(4) NOT NULL DEFAULT '0' COMMENT '默认分类',
  `title` varchar(255) DEFAULT NULL COMMENT '标题',
  `title_seo` varchar(255) DEFAULT NULL COMMENT '优化标题',
  `intro` varchar(500) DEFAULT NULL COMMENT '简介',
  `tags` varchar(255) DEFAULT NULL COMMENT '标签',
  `content` mediumtext COMMENT '内容',
  `photo` varchar(255) DEFAULT NULL COMMENT '图片',
  `thumb` varchar(255) DEFAULT NULL COMMENT '缩略图',
  `show` tinyint(1) DEFAULT '1' COMMENT '是否显示',
  `click` int(11) DEFAULT '0' COMMENT '点击量',
  `timeline` int(11) DEFAULT NULL COMMENT '发布时间',
  PRIMARY KEY (`id`)
) ENGINE=MyISAM DEFAULT CHARSET=utf8 COMMENT='产品' AUTO_INCREMENT=1 ;

-- --------------------------------------------------------

--
-- 表的结构 `bees_product_child`
--

CREATE TABLE IF NOT EXISTS `bees_product_child` (
  `id` int(11) NOT NULL AUTO_INCREMENT,
  `sort_id` int(11) DEFAULT NULL COMMENT '排序编号',
  `type_id` int(11) DEFAULT NULL COMMENT '分类',
  `title` varchar(255) DEFAULT NULL COMMENT '标题',
  `photo` varchar(255) DEFAULT NULL COMMENT '图片',
  `thumb` varchar(255) DEFAULT NULL COMMENT '缩略图',
  `show` int(11) DEFAULT '1' COMMENT '是否显示',
  `timeline` int(11) DEFAULT NULL COMMENT '发布时间',
  PRIMARY KEY (`id`)
) ENGINE=MyISAM DEFAULT CHARSET=utf8 AUTO_INCREMENT=1 ;

-- --------------------------------------------------------

--
-- 表的结构 `bees_product_type`
--

CREATE TABLE IF NOT EXISTS `bees_product_type` (
  `id` int(11) NOT NULL AUTO_INCREMENT,
  `type_id` int(11) DEFAULT '1',
  `parent_id` int(11) DEFAULT NULL,
  `depth` int(11) DEFAULT '0',
  `path` varchar(255) DEFAULT NULL,
  `title` varchar(255) DEFAULT NULL,
  `intro` varchar(1000) DEFAULT NULL,
  `photo` varchar(255) DEFAULT NULL,
  `thumb` varchar(255) DEFAULT NULL,
  `order_id` int(11) DEFAULT '0',
  `timeline` int(11) DEFAULT NULL,
  PRIMARY KEY (`id`),
  KEY `path_index` (`path`)
) ENGINE=MyISAM DEFAULT CHARSET=utf8 AUTO_INCREMENT=1 ;

-- --------------------------------------------------------

--
-- 表的结构 `bees_province`
--

CREATE TABLE IF NOT EXISTS `bees_province` (
  `id` int(11) NOT NULL AUTO_INCREMENT COMMENT '标识',
  `title` varchar(50) DEFAULT NULL COMMENT '标题',
  `entitle` varchar(50) DEFAULT NULL COMMENT '英文标题',
  PRIMARY KEY (`id`)
) ENGINE=MyISAM  DEFAULT CHARSET=utf8 COMMENT='省级列表' AUTO_INCREMENT=36 ;

--
-- 转存表中的数据 `bees_province`
--

INSERT INTO `bees_province` (`id`, `title`, `entitle`) VALUES
(1, '北京市', 'BeiJing'),
(2, '天津市', 'Tianjin'),
(3, '河北省', 'Hebei'),
(4, '山西省', 'Shanxi'),
(5, '辽宁省', 'Liaoning'),
(6, '吉林省', 'Jilin'),
(7, '上海市', 'Shanghai'),
(8, '江苏省', 'Jiangsu'),
(9, '浙江省', 'Zhejiang'),
(10, '安徽省', 'Anhui'),
(11, '福建省', 'Fujian'),
(12, '江西省', 'Jiangxi'),
(13, '山东省', 'Shandong'),
(14, '河南省', 'Henan'),
(15, '内蒙古', 'Neimenggu'),
(16, '黑龙江省', 'Heilongjiang'),
(17, '湖北省', 'Hubei'),
(18, '湖南省', 'Hunan'),
(19, '广东省', 'Guangdong'),
(20, '广西省', 'Guangxi'),
(21, '海南省', 'Hainan'),
(22, '四川省', 'Sichuan'),
(23, '重庆市', 'Chongqing'),
(24, '台湾省', 'Taiwan'),
(25, '贵州省', 'Guizhou'),
(26, '云南省', 'Yunnan'),
(27, '西藏', 'Xizang'),
(28, '陕西省', 'Shanxi'),
(29, '甘肃省', 'Gansu'),
(30, '青海省', 'Qinghai'),
(31, '宁夏', 'Ningxia'),
(32, '新疆', 'Xinjiang'),
(33, '香港', 'xianggang'),
(34, '澳门', 'aomen'),
(35, '钓鱼岛', 'Diaoyudao');

-- --------------------------------------------------------

--
-- 表的结构 `bees_province_city`
--

CREATE TABLE IF NOT EXISTS `bees_province_city` (
  `id` int(11) NOT NULL AUTO_INCREMENT,
  `province_id` int(11) NOT NULL DEFAULT '0' COMMENT '省级id',
  `title` varchar(50) DEFAULT NULL COMMENT '标题',
  `entitle` varchar(50) DEFAULT NULL COMMENT '英文标题',
  `weather` varchar(11) DEFAULT NULL COMMENT '国家天气ID',
  PRIMARY KEY (`id`)
) ENGINE=MyISAM  DEFAULT CHARSET=utf8 COMMENT='城市列表' AUTO_INCREMENT=384 ;

--
-- 转存表中的数据 `bees_province_city`
--

INSERT INTO `bees_province_city` (`id`, `province_id`, `title`, `entitle`, `weather`) VALUES
(1, 1, '北京', NULL, '101010100'),
(2, 2, '天津', NULL, '101030100'),
(3, 3, '石家庄', NULL, '101090101'),
(4, 3, '保定', NULL, '101090201'),
(5, 3, '沧州', NULL, '101090701'),
(6, 3, '承德', NULL, '101090402'),
(7, 3, '邯郸', NULL, '101091001'),
(8, 3, '衡水', NULL, '101090801'),
(9, 3, '廊坊', NULL, '101090601'),
(10, 3, '秦皇岛', NULL, '101091101'),
(11, 3, '唐山', NULL, '101090501'),
(12, 3, '邢台', NULL, '101090901'),
(13, 3, '张家口', NULL, '101090301'),
(14, 4, '太原', NULL, '101100101'),
(15, 4, '长治', NULL, '101100501'),
(16, 4, '大同', NULL, '101100201'),
(17, 4, '晋城', NULL, '101100601'),
(18, 4, '晋中', NULL, '101100401'),
(19, 4, '临汾', NULL, '101100701'),
(20, 4, '吕梁', NULL, '101101101'),
(21, 4, '朔州', NULL, '101100901'),
(22, 4, '忻州', NULL, '101101001'),
(23, 4, '阳泉', NULL, '101100301'),
(24, 4, '运城', NULL, '101100801'),
(25, 5, '沈阳', NULL, '101070101'),
(26, 5, '大连', NULL, '101070201'),
(27, 5, '鞍山', NULL, '101070301'),
(28, 5, '本溪', NULL, '101070501'),
(29, 5, '朝阳', NULL, '101071201'),
(30, 5, '丹东', NULL, '101070601'),
(31, 5, '抚顺', NULL, '101070401'),
(32, 5, '阜新', NULL, '101070901'),
(33, 5, '葫芦岛', NULL, '101071401'),
(34, 5, '锦州', NULL, '101070701'),
(35, 5, '辽阳', NULL, '101071001'),
(36, 5, '盘锦', NULL, '101071301'),
(37, 5, '铁岭', NULL, '101071101'),
(38, 5, '营口', NULL, '101070801'),
(39, 6, '长春', NULL, '101060101'),
(40, 6, '吉林', NULL, '101060201'),
(41, 6, '白城', NULL, '101060601'),
(42, 6, '白山', NULL, '101060901'),
(43, 6, '辽源', NULL, '101060701'),
(44, 6, '四平', NULL, '101060401'),
(45, 6, '松原', NULL, '101060801'),
(46, 6, '通化', NULL, '101060501'),
(47, 6, '延边朝鲜族自治州', NULL, NULL),
(48, 7, '上海', NULL, '101020100'),
(49, 8, '南京', NULL, '101190101'),
(50, 8, '常州', NULL, '101191101'),
(51, 8, '淮安', NULL, '101190901'),
(52, 8, '连云港', NULL, '101191001'),
(53, 8, '南通', NULL, '101190501'),
(54, 8, '苏州', NULL, '101190401'),
(55, 8, '宿迁', NULL, '101191301'),
(56, 8, '泰州', NULL, '101191201'),
(57, 8, '无锡', NULL, '101190201'),
(58, 8, '徐州', NULL, '101190801'),
(59, 8, '盐城', NULL, '101190701'),
(60, 8, '扬州', NULL, '101190601'),
(61, 8, '镇江', NULL, '101190301'),
(62, 9, '杭州', NULL, '101210101'),
(63, 9, '湖州', NULL, '101210201'),
(64, 9, '嘉兴', NULL, '101210301'),
(65, 9, '金华', NULL, '101210901'),
(66, 9, '丽水', NULL, '101210801'),
(67, 9, '宁波', NULL, '101210401'),
(68, 9, '绍兴', NULL, '101210501'),
(69, 9, '台州', NULL, '101210601'),
(70, 9, '温州', NULL, '101210701'),
(71, 9, '舟山', NULL, '101211101'),
(72, 9, '衢州', NULL, '101211001'),
(73, 10, '合肥', NULL, '101220101'),
(74, 10, '安庆', NULL, '101220601'),
(75, 10, '蚌埠', NULL, '101220201'),
(76, 10, '巢湖', NULL, '101221601'),
(77, 10, '池州', NULL, '101221701'),
(78, 10, '滁州', NULL, '101221101'),
(79, 10, '阜阳', NULL, '101220801'),
(80, 10, '淮北', NULL, '101221201'),
(81, 10, '淮南', NULL, '101220401'),
(82, 10, '黄山', NULL, NULL),
(83, 10, '六安', NULL, '101221501'),
(84, 10, '马鞍山', NULL, '101220501'),
(85, 10, '宿州', NULL, '101220701'),
(86, 10, '铜陵', NULL, '101221301'),
(87, 10, '芜湖', NULL, '101220301'),
(88, 10, '宣城', NULL, '101221401'),
(89, 10, '亳州', NULL, NULL),
(90, 11, '福州', NULL, '101230101'),
(91, 11, '厦门', NULL, '101230201'),
(92, 11, '龙岩', NULL, '101230701'),
(93, 11, '南平', NULL, '101230901'),
(94, 11, '宁德', NULL, '101230301'),
(95, 11, '莆田', NULL, '101230401'),
(96, 11, '泉州', NULL, '101230501'),
(97, 11, '三明', NULL, '101230801'),
(98, 11, '漳州', NULL, '101230601'),
(99, 12, '南昌', NULL, '101240101'),
(100, 12, '抚州', NULL, '101240401'),
(101, 12, '赣州', NULL, '101240701'),
(102, 12, '吉安', NULL, '101240601'),
(103, 12, '景德镇', NULL, '101240801'),
(104, 12, '九江', NULL, '101240201'),
(105, 12, '萍乡', NULL, '101240901'),
(106, 12, '上饶', NULL, '101240301'),
(107, 12, '新余', NULL, '101241001'),
(108, 12, '宜春', NULL, '101240501'),
(109, 12, '鹰潭', NULL, '101241101'),
(110, 13, '济南', NULL, '101120101'),
(111, 13, '青岛', NULL, '101120201'),
(112, 13, '烟台', NULL, '101120501'),
(113, 13, '滨州', NULL, '101121101'),
(114, 13, '德州', NULL, '101120401'),
(115, 13, '东营', NULL, '101121201'),
(116, 13, '菏泽', NULL, '101121001'),
(117, 13, '济宁', NULL, '101120701'),
(118, 13, '莱芜', NULL, '101121601'),
(119, 13, '聊城', NULL, '101121701'),
(120, 13, '临沂', NULL, '101120901'),
(121, 13, '日照', NULL, '101121501'),
(122, 13, '泰安', NULL, '101120801'),
(123, 13, '威海', NULL, '101121301'),
(124, 13, '潍坊', NULL, '101120601'),
(125, 13, '枣庄', NULL, '101121401'),
(126, 13, '淄博', NULL, '101120301'),
(127, 14, '郑州', NULL, '101180101'),
(128, 14, '洛阳', NULL, '101180901'),
(129, 14, '开封', NULL, '101180801'),
(130, 14, '安阳', NULL, '101180201'),
(131, 14, '鹤壁', NULL, '101181201'),
(132, 14, '济源', NULL, NULL),
(133, 14, '焦作', NULL, '101181101'),
(134, 14, '南阳', NULL, '101180701'),
(135, 14, '平顶山', NULL, '101180501'),
(136, 14, '三门峡', NULL, '101181701'),
(137, 14, '商丘', NULL, '101181001'),
(138, 14, '新乡', NULL, '101180301'),
(139, 14, '信阳', NULL, '101180601'),
(140, 14, '许昌', NULL, '101180401'),
(141, 14, '周口', NULL, '101181401'),
(142, 14, '驻马店', NULL, '101181601'),
(143, 14, '漯河', NULL, '101181501'),
(144, 14, '濮阳', NULL, '101181301'),
(145, 15, '呼和浩特', NULL, '101080101'),
(146, 15, '包头', NULL, '101080201'),
(147, 15, '赤峰', NULL, '101080601'),
(148, 15, '鄂尔多斯', NULL, '101080701'),
(149, 15, '呼伦贝尔', NULL, '101081001'),
(150, 15, '阿拉善盟', NULL, NULL),
(151, 15, '巴彦淖尔盟', NULL, NULL),
(152, 15, '通辽', NULL, '101080501'),
(153, 15, '乌海', NULL, '101080301'),
(154, 15, '乌兰察布盟', NULL, NULL),
(155, 15, '锡林郭勒盟', NULL, NULL),
(156, 15, '兴安盟', NULL, NULL),
(157, 16, '哈尔滨', NULL, '101050101'),
(158, 16, '大庆', NULL, '101050901'),
(159, 16, '大兴安岭', NULL, '101050701'),
(160, 16, '鹤岗', NULL, '101051201'),
(161, 16, '黑河', NULL, '101050601'),
(162, 16, '鸡西', NULL, '101051101'),
(163, 16, '佳木斯', NULL, '101050401'),
(164, 16, '牡丹江', NULL, '101050301'),
(165, 16, '七台河', NULL, '101051002'),
(166, 16, '齐齐哈尔', NULL, '101050201'),
(167, 16, '双鸭山', NULL, '101051301'),
(168, 16, '绥化', NULL, '101050501'),
(169, 16, '伊春', NULL, '101050801'),
(170, 17, '武汉', NULL, '101200101'),
(171, 17, '鄂州', NULL, '101200301'),
(172, 17, '黄冈', NULL, '101200501'),
(173, 17, '黄石', NULL, '101200601'),
(174, 17, '荆门', NULL, '101201401'),
(175, 17, '荆州', NULL, '101200801'),
(176, 17, '潜江', NULL, NULL),
(177, 17, '十堰', NULL, '101201101'),
(178, 17, '随州', NULL, '101201301'),
(179, 17, '天门', NULL, NULL),
(180, 17, '仙桃', NULL, NULL),
(181, 17, '咸宁', NULL, '101200701'),
(182, 17, '襄樊', NULL, NULL),
(183, 17, '孝感', NULL, '101200401'),
(184, 17, '宜昌', NULL, '101200901'),
(185, 17, '恩施土家族苗族自治州', NULL, NULL),
(186, 17, '神农架林区', NULL, NULL),
(187, 18, '长沙', NULL, '101250101'),
(188, 18, '益阳', NULL, '101250701'),
(189, 18, '湘潭', NULL, '101250201'),
(190, 18, '常德', NULL, '101250601'),
(191, 18, '郴州', NULL, '101250501'),
(192, 18, '衡阳', NULL, '101250401'),
(193, 18, '怀化', NULL, '101251201'),
(194, 18, '娄底', NULL, '101250801'),
(195, 18, '邵阳', NULL, '101250901'),
(196, 18, '永州', NULL, '101251401'),
(197, 18, '岳阳', NULL, '101251001'),
(198, 18, '张家界', NULL, '101251101'),
(199, 18, '株洲', NULL, '101250301'),
(200, 18, '湘西土家族苗族自治州', NULL, NULL),
(201, 19, '广州', NULL, '101280101'),
(202, 19, '深圳', NULL, '101280601'),
(203, 19, '珠海', NULL, '101280701'),
(204, 19, '湛江', NULL, '101281001'),
(205, 19, '惠州', NULL, '101280301'),
(206, 19, '江门', NULL, '101281101'),
(207, 19, '潮州', NULL, '101281501'),
(208, 19, '汕头', NULL, '101280501'),
(209, 19, '东莞', NULL, '101281601'),
(210, 19, '佛山', NULL, '101280800'),
(211, 19, '河源', NULL, '101281201'),
(212, 19, '揭阳', NULL, '101281901'),
(213, 19, '茂名', NULL, '101282001'),
(214, 19, '梅州', NULL, '101280401'),
(215, 19, '清远', NULL, '101281301'),
(216, 19, '汕尾', NULL, '101282101'),
(217, 19, '韶关', NULL, '101280201'),
(218, 19, '阳江', NULL, '101281801'),
(219, 19, '云浮', NULL, '101281401'),
(220, 19, '肇庆', NULL, '101280901'),
(221, 19, '中山', NULL, '101281701'),
(222, 20, '南宁', NULL, '101300101'),
(223, 20, '桂林', NULL, '101300501'),
(224, 20, '北海', NULL, '101301301'),
(225, 20, '百色', NULL, '101301001'),
(226, 20, '崇左', NULL, '101300201'),
(227, 20, '防城港', NULL, '101301401'),
(228, 20, '贵港', NULL, '101300801'),
(229, 20, '河池', NULL, '101301201'),
(230, 20, '贺州', NULL, '101300701'),
(231, 20, '来宾', NULL, '101300401'),
(232, 20, '柳州', NULL, '101300301'),
(233, 20, '钦州', NULL, '101301101'),
(234, 20, '梧州', NULL, '101300601'),
(235, 20, '玉林', NULL, '101300901'),
(236, 21, '海口', NULL, '101310101'),
(237, 21, '三亚', NULL, '101310201'),
(238, 21, '白沙黎族自治县', NULL, NULL),
(239, 21, '保亭黎族苗族自治县', NULL, NULL),
(240, 21, '昌江黎族自治县', NULL, NULL),
(241, 21, '澄迈县', NULL, NULL),
(242, 21, '定安县', NULL, NULL),
(243, 21, '东方', NULL, NULL),
(244, 21, '乐东黎族自治县', NULL, NULL),
(245, 21, '临高县', NULL, NULL),
(246, 21, '陵水黎族自治县', NULL, NULL),
(247, 21, '琼海', NULL, NULL),
(248, 21, '琼中黎族苗族自治县', NULL, NULL),
(249, 21, '屯昌县', NULL, NULL),
(250, 21, '万宁', NULL, NULL),
(251, 21, '文昌', NULL, '101310212'),
(252, 21, '五指山', NULL, NULL),
(253, 21, '儋州', NULL, '101310205'),
(254, 22, '成都', NULL, '101270101'),
(255, 22, '绵阳', NULL, '101270401'),
(256, 22, '巴中', NULL, '101270901'),
(257, 22, '达州', NULL, '101270601'),
(258, 22, '德阳', NULL, '101272001'),
(259, 22, '广安', NULL, '101270801'),
(260, 22, '广元', NULL, '101272101'),
(261, 22, '乐山', NULL, '101271401'),
(262, 22, '眉山', NULL, '101271501'),
(263, 22, '南充', NULL, '101270501'),
(264, 22, '内江', NULL, '101271201'),
(265, 22, '攀枝花', NULL, '101270201'),
(266, 22, '遂宁', NULL, '101270701'),
(267, 22, '雅安', NULL, '101271701'),
(268, 22, '宜宾', NULL, '101271101'),
(269, 22, '资阳', NULL, '101271301'),
(270, 22, '自贡', NULL, '101270301'),
(271, 22, '泸州', NULL, '101271001'),
(272, 22, '甘孜藏族自治州', NULL, NULL),
(273, 22, '阿坝藏族羌族自治州', NULL, NULL),
(274, 22, '凉山彝族自治州', NULL, NULL),
(275, 23, '重庆', NULL, '101040100'),
(276, 24, '台北', NULL, '101340102'),
(277, 24, '高雄', NULL, '101340201'),
(278, 24, '台中', NULL, NULL),
(279, 24, '台南', NULL, NULL),
(280, 24, '新北', NULL, NULL),
(281, 24, '基隆', NULL, NULL),
(282, 24, '新竹', NULL, NULL),
(283, 24, '嘉义', NULL, NULL),
(284, 24, '桃园县', NULL, NULL),
(285, 24, '新竹县', NULL, NULL),
(286, 24, '苗栗县', NULL, NULL),
(287, 24, '彰化县', NULL, NULL),
(288, 24, '南投县', NULL, NULL),
(289, 24, '云林县', NULL, NULL),
(290, 24, '嘉义县', NULL, NULL),
(291, 24, '屏东县', NULL, NULL),
(292, 24, '宜兰县', NULL, NULL),
(293, 24, '花莲县', NULL, NULL),
(294, 24, '台东县', NULL, NULL),
(295, 24, '澎湖县', NULL, NULL),
(296, 24, '金门县', NULL, NULL),
(297, 24, '连江县', NULL, NULL),
(298, 25, '贵阳', NULL, '101260101'),
(299, 25, '六盘水', NULL, '101260801'),
(300, 25, '遵义', NULL, '101260201'),
(301, 25, '安顺', NULL, '101260301'),
(302, 25, '毕节', NULL, '101260701'),
(303, 25, '铜仁', NULL, '101260601'),
(304, 25, '黔东南苗族侗族自治州', NULL, NULL),
(305, 25, '黔南布依族苗族自治州', NULL, NULL),
(306, 25, '黔西南布依族苗族自治州', NULL, NULL),
(307, 26, '昆明', NULL, '101290101'),
(308, 26, '丽江', NULL, '101291401'),
(309, 26, '保山', NULL, '101290501'),
(310, 26, '楚雄彝族自治州', NULL, NULL),
(311, 26, '大理白族自治州', NULL, NULL),
(312, 26, '德宏傣族景颇族自治州', NULL, NULL),
(313, 26, '迪庆藏族自治州', NULL, NULL),
(314, 26, '红河哈尼族彝族自治州', NULL, NULL),
(315, 26, '临沧', NULL, '101291101'),
(316, 26, '怒江傈傈族自治州', NULL, NULL),
(317, 26, '曲靖', NULL, '101290401'),
(318, 26, '思茅', NULL, '101290901'),
(319, 26, '文山壮族苗族自治州', NULL, NULL),
(320, 26, '西双版纳傣族自治州', NULL, NULL),
(321, 26, '玉溪', NULL, '101290701'),
(322, 26, '昭通', NULL, '101291001'),
(323, 27, '拉萨', NULL, '101140101'),
(324, 27, '日喀则', NULL, '101140201'),
(325, 27, '阿里', NULL, '101140701'),
(326, 27, '昌都', NULL, '101140501'),
(327, 27, '林芝', NULL, '101140401'),
(328, 27, '那曲', NULL, '101140601'),
(329, 27, '山南', NULL, '101140301'),
(330, 28, '西安', NULL, '101110101'),
(331, 28, '宝鸡', NULL, '101110901'),
(332, 28, '咸阳', NULL, '101110200'),
(333, 28, '延安', NULL, '101110300'),
(334, 28, '榆林', NULL, '101110401'),
(335, 28, '安康', NULL, '101110701'),
(336, 28, '汉中', NULL, '101110801'),
(337, 28, '商洛', NULL, '101110601'),
(338, 28, '铜川', NULL, '101111001'),
(339, 28, '渭南', NULL, '101110501'),
(340, 29, '兰州', NULL, '101160101'),
(341, 29, '白银', NULL, '101161301'),
(342, 29, '定西', NULL, '101160201'),
(343, 29, '嘉峪关', NULL, NULL),
(344, 29, '金昌', NULL, '101160601'),
(345, 29, '酒泉', NULL, '101160801'),
(346, 29, '陇南', NULL, NULL),
(347, 29, '平凉', NULL, '101160301'),
(348, 29, '庆阳', NULL, '101160401'),
(349, 29, '天水', NULL, '101160901'),
(350, 29, '武威', NULL, '101160501'),
(351, 29, '张掖', NULL, '101160701'),
(352, 29, '临夏回族自治州', NULL, NULL),
(353, 29, '甘南藏族自治州', NULL, NULL),
(354, 30, '西宁', NULL, '101150101'),
(355, 30, '果洛藏族自治州', NULL, NULL),
(356, 30, '海北藏族自治州', NULL, NULL),
(357, 30, '海东', NULL, '101150201'),
(358, 30, '海南藏族自治州', NULL, NULL),
(359, 30, '海西蒙古族藏族自治州', NULL, NULL),
(360, 30, '黄南藏族自治州', NULL, NULL),
(361, 30, '玉树藏族自治州', NULL, NULL),
(362, 31, '银川', NULL, '101170101'),
(363, 31, '固原', NULL, '101170401'),
(364, 31, '石嘴山', NULL, '101170201'),
(365, 31, '吴忠', NULL, '101170301'),
(366, 32, '乌鲁木齐', NULL, '101130101'),
(367, 32, '吐鲁番', NULL, '101130501'),
(368, 32, '阿克苏', NULL, '101130801'),
(369, 32, '阿拉尔', NULL, NULL),
(370, 32, '巴音郭楞蒙古自治州', NULL, NULL),
(371, 32, '博尔塔拉蒙古自治州', NULL, NULL),
(372, 32, '昌吉回族自治州', NULL, NULL),
(373, 32, '哈密', NULL, '101131201'),
(374, 32, '和田', NULL, '101131301'),
(375, 32, '喀什', NULL, '101130901'),
(376, 32, '克拉玛依', NULL, '101130201'),
(377, 32, '克孜勒苏柯尔克孜自治州', NULL, NULL),
(378, 32, '石河子', NULL, '101130301'),
(379, 32, '图木舒克', NULL, NULL),
(380, 32, '五家渠', NULL, NULL),
(381, 32, '伊犁哈萨克自治州', NULL, NULL),
(382, 33, '香港', NULL, '101320101'),
(383, 34, '澳门', NULL, '101330101');

-- --------------------------------------------------------

--
-- 表的结构 `bees_recruit`
--

CREATE TABLE IF NOT EXISTS `bees_recruit` (
  `id` int(11) NOT NULL AUTO_INCREMENT COMMENT '唯一编号',
  `sort_id` int(11) DEFAULT '1' COMMENT '排序编号',
  `cid` int(11) DEFAULT NULL COMMENT '类型',
  `ccid` int(11) DEFAULT '0',
  `title` tinytext NOT NULL COMMENT '标题',
  `title_seo` tinytext,
  `intro` tinytext COMMENT '简介',
  `tags` tinytext,
  `content` mediumtext COMMENT '内容',
  `timeline` int(11) DEFAULT NULL COMMENT '发布/修改时间',
  `expiretime` int(11) DEFAULT NULL COMMENT '公告过期时间',
  `click` int(11) DEFAULT '0' COMMENT '浏览次数',
  `status` tinyint(1) NOT NULL DEFAULT '1' COMMENT '显隐状态',
  `flag` tinyint(1) NOT NULL DEFAULT '0' COMMENT '推荐到分类门户的页面显示',
  `audit` tinyint(1) NOT NULL DEFAULT '0' COMMENT '突显状态/颜色',
  `show` tinyint(1) NOT NULL DEFAULT '1',
  `photo` varchar(255) DEFAULT NULL COMMENT '相关图片',
  `thumb` varchar(255) DEFAULT NULL COMMENT '图片缩略图',
  `attachment` varchar(255) DEFAULT NULL COMMENT '相关文件',
  `country` varchar(50) DEFAULT NULL,
  `province` varchar(50) DEFAULT NULL,
  `city` varchar(50) DEFAULT NULL,
  `county` varchar(50) DEFAULT NULL,
  `place` varchar(255) DEFAULT NULL,
  `require` varchar(50) DEFAULT NULL COMMENT '职称要求',
  `amount` int(11) DEFAULT NULL,
  `department` varchar(50) DEFAULT NULL,
  `gender` tinyint(1) NOT NULL DEFAULT '0',
  `age` smallint(6) DEFAULT NULL,
  `age_max` smallint(6) DEFAULT NULL,
  `edu` varchar(50) DEFAULT NULL,
  `major` varchar(50) DEFAULT NULL,
  `experience` varchar(50) DEFAULT NULL,
  `requirement` text,
  PRIMARY KEY (`id`)
) ENGINE=MyISAM DEFAULT CHARSET=utf8 COMMENT='人才招聘' AUTO_INCREMENT=1 ;

-- --------------------------------------------------------

--
-- 表的结构 `bees_recruit_apply`
--

CREATE TABLE IF NOT EXISTS `bees_recruit_apply` (
  `id` int(11) NOT NULL AUTO_INCREMENT COMMENT '唯一编号',
  `sort_id` int(11) DEFAULT '1' COMMENT '排序编号',
  `type_id` int(11) DEFAULT NULL COMMENT '类型',
  `recruit_id` int(11) DEFAULT NULL,
  `title` varchar(255) DEFAULT NULL COMMENT '应聘标题',
  `intro` varchar(1000) DEFAULT NULL COMMENT '简介',
  `content` mediumtext COMMENT '内容',
  `answer` mediumtext,
  `timeline_answer` int(11) DEFAULT NULL,
  `timeline` int(11) DEFAULT NULL COMMENT '发布/修改时间',
  `expire` int(11) DEFAULT NULL COMMENT '公告过期时间',
  `solve` int(1) DEFAULT '0',
  `click` int(11) DEFAULT '0' COMMENT '浏览次数',
  `show` tinyint(4) DEFAULT '1' COMMENT '显隐状态',
  `recommend` tinyint(4) DEFAULT '0' COMMENT '推荐到分类门户的页面显示',
  `color` tinyint(4) DEFAULT '0' COMMENT '突显状态/颜色',
  `audit` tinyint(1) DEFAULT '0' COMMENT '审核状态',
  `photo` varchar(255) DEFAULT NULL COMMENT '相关图片',
  `thumb` varchar(255) DEFAULT NULL COMMENT '图片缩略图',
  `file` varchar(255) DEFAULT NULL COMMENT '相关文件',
  `ip` varchar(100) DEFAULT NULL,
  `ex1` varchar(255) DEFAULT '' COMMENT '其他标签（预留）',
  `ex2` varchar(255) DEFAULT '',
  `ex3` varchar(255) DEFAULT '',
  `ex4` varchar(255) DEFAULT '',
  `x` varchar(255) DEFAULT '',
  `y` varchar(255) DEFAULT NULL,
  `country` varchar(50) DEFAULT NULL,
  `province` varchar(50) DEFAULT NULL,
  `city` varchar(50) DEFAULT NULL,
  `county` varchar(50) DEFAULT NULL,
  `place` varchar(255) DEFAULT NULL,
  `department` varchar(50) DEFAULT NULL COMMENT '部门',
  `name` varchar(50) DEFAULT NULL,
  `gender` varchar(10) DEFAULT NULL,
  `marriage` varchar(50) DEFAULT NULL,
  `email` varchar(100) DEFAULT NULL,
  `tel` varchar(100) DEFAULT NULL,
  `mobile` varchar(100) DEFAULT NULL,
  `qq` varchar(100) DEFAULT NULL,
  `msn` varchar(100) DEFAULT NULL,
  `wangwang` varchar(100) DEFAULT NULL,
  `nation` varchar(50) DEFAULT NULL COMMENT '民族',
  `birthday` varchar(20) DEFAULT NULL,
  `politic` varchar(50) DEFAULT NULL COMMENT '政治面貌',
  `birthplace` varchar(50) DEFAULT NULL COMMENT '籍贯',
  `school` varchar(100) DEFAULT NULL,
  `major` varchar(50) DEFAULT NULL COMMENT '专业',
  `graduation` varchar(20) DEFAULT NULL COMMENT '毕业时间',
  `language` varchar(50) DEFAULT NULL COMMENT '外语水平',
  `position` varchar(100) DEFAULT NULL COMMENT '应聘职位',
  `age` smallint(6) DEFAULT NULL,
  `edu` varchar(50) DEFAULT NULL,
  `experience` varchar(50) DEFAULT NULL,
  PRIMARY KEY (`id`)
) ENGINE=MyISAM DEFAULT CHARSET=utf8 COMMENT='在线应聘' AUTO_INCREMENT=1 ;

-- --------------------------------------------------------

--
-- 表的结构 `bees_room`
--

CREATE TABLE IF NOT EXISTS `bees_room` (
  `id` int(11) NOT NULL AUTO_INCREMENT COMMENT '唯一编号',
  `cid` int(11) NOT NULL COMMENT '所属栏目',
  `ccid` int(11) NOT NULL DEFAULT '0' COMMENT '栏目条目ID伪栏目',
  `sort_id` int(11) DEFAULT '0' COMMENT '排序编号',
  `audit` int(1) NOT NULL DEFAULT '0' COMMENT '0:1审核',
  `flag` int(1) NOT NULL DEFAULT '0' COMMENT '0:1推荐',
  `ctype` int(4) NOT NULL DEFAULT '0' COMMENT '默认分类',
  `type_id` int(4) DEFAULT NULL COMMENT '类型',
  `title` tinytext NOT NULL COMMENT '标题',
  `title_seo` tinytext,
  `intro` varchar(500) DEFAULT NULL COMMENT '简介(200汉字)',
  `tags` tinytext COMMENT '标签',
  `content` text COMMENT '内容',
  `timeline` int(11) DEFAULT NULL COMMENT '发布/修改时间',
  `expiretime` int(10) DEFAULT NULL COMMENT '公告过期时间',
  `status` int(1) NOT NULL DEFAULT '1' COMMENT '1不讲话 0讲话',
  `author` varchar(50) DEFAULT NULL COMMENT '消息作者',
  `author_url` tinytext COMMENT '作者链接',
  `source` varchar(50) DEFAULT NULL COMMENT '消息来源',
  `source_url` tinytext COMMENT '来源链接',
  `click` int(11) NOT NULL DEFAULT '0' COMMENT '浏览次数',
  `recommend` int(1) NOT NULL DEFAULT '0' COMMENT '0:1推荐到分类门户的页面显示',
  `homepage` int(1) NOT NULL DEFAULT '0' COMMENT '0:1推荐到首页显示',
  `recommend_photo` int(1) NOT NULL DEFAULT '0' COMMENT '0:1作为分类栏目的跑马灯图片新闻',
  `homepage_photo` int(1) NOT NULL DEFAULT '0' COMMENT '0:1作为首页的跑马灯图片新闻',
  `color` int(1) NOT NULL DEFAULT '0' COMMENT '突显状态/颜色',
  `photo` tinytext COMMENT '相关图片',
  `thumb` tinytext COMMENT '图片缩略图',
  `attachment` tinytext COMMENT '附件',
  `AccountNumber` int(11) NOT NULL DEFAULT '1' COMMENT '帐号数量',
  `BarrageFrequency` int(11) NOT NULL DEFAULT '0' COMMENT '弹幕频率',
  `SpeechInterval` int(11) NOT NULL DEFAULT '5' COMMENT '同帐号说话最大间隔  （最小时间5秒）',
  `RepeatBarrage` int(11) NOT NULL DEFAULT '1' COMMENT '重复弹幕的数量',
  `RepeatAccount` int(11) NOT NULL DEFAULT '0' COMMENT '重复帐号的数量',
  `LoginInterval` int(11) NOT NULL DEFAULT '60' COMMENT '登录间隔',
  PRIMARY KEY (`id`)
) ENGINE=MyISAM  DEFAULT CHARSET=utf8 COMMENT='信息表' AUTO_INCREMENT=15 ;

-- --------------------------------------------------------

--
-- 表的结构 `bees_sessions_adminer`
--

CREATE TABLE IF NOT EXISTS `bees_sessions_adminer` (
  `session_id` varchar(40) NOT NULL DEFAULT '0',
  `ip_address` varchar(45) NOT NULL DEFAULT '0',
  `user_agent` varchar(120) NOT NULL,
  `last_activity` int(10) unsigned NOT NULL DEFAULT '0',
  `user_data` text NOT NULL,
  PRIMARY KEY (`session_id`),
  KEY `last_activity_idx` (`last_activity`)
) ENGINE=MyISAM DEFAULT CHARSET=utf8 COMMENT='会话保存';

--
-- 转存表中的数据 `bees_sessions_adminer`
--

INSERT INTO `bees_sessions_adminer` (`session_id`, `ip_address`, `user_agent`, `last_activity`, `user_data`) VALUES
('3ff42e467ef01966fd6d3b7a95a49ee9', '127.0.0.1', 'Mozilla/5.0 (Windows NT 6.1; Win64; x64; rv:52.0) Gecko/20100101 Firefox/52.0', 1492767502, 'a:6:{s:9:"user_data";s:0:"";s:3:"mid";s:1:"2";s:5:"uname";s:6:"freeze";s:8:"nickname";s:6:"FreeZe";s:8:"login_ip";s:9:"127.0.0.1";s:3:"gid";s:1:"6";}');

-- --------------------------------------------------------

--
-- 表的结构 `bees_sessions_site`
--

CREATE TABLE IF NOT EXISTS `bees_sessions_site` (
  `session_id` varchar(40) NOT NULL DEFAULT '0',
  `ip_address` varchar(45) NOT NULL DEFAULT '0',
  `user_agent` varchar(120) NOT NULL,
  `last_activity` int(10) unsigned NOT NULL DEFAULT '0',
  `user_data` text NOT NULL,
  PRIMARY KEY (`session_id`),
  KEY `last_activity_idx` (`last_activity`)
) ENGINE=MyISAM DEFAULT CHARSET=utf8 COMMENT='会话保存';

-- --------------------------------------------------------

--
-- 表的结构 `bees_tags`
--

CREATE TABLE IF NOT EXISTS `bees_tags` (
  `id` int(11) NOT NULL AUTO_INCREMENT,
  `tag` varchar(30) NOT NULL COMMENT '标签',
  `en` varchar(60) DEFAULT NULL COMMENT '拼音|英语',
  `len` int(3) DEFAULT '0' COMMENT '长度',
  `count` int(11) DEFAULT '0' COMMENT '计数',
  `type` int(1) DEFAULT '0' COMMENT '分类,0:tags,1:title,2:intro,3:content',
  PRIMARY KEY (`id`),
  KEY `record_index` (`id`,`tag`)
) ENGINE=MyISAM DEFAULT CHARSET=utf8 COMMENT='标签表' AUTO_INCREMENT=1 ;

-- --------------------------------------------------------

--
-- 表的结构 `bees_tags_list`
--

CREATE TABLE IF NOT EXISTS `bees_tags_list` (
  `tid` int(11) NOT NULL DEFAULT '0' COMMENT 'tag id',
  `cid` int(11) NOT NULL DEFAULT '0' COMMENT 'col id',
  `aid` int(11) NOT NULL DEFAULT '0' COMMENT 'col''s aritcle id',
  `type` int(1) NOT NULL DEFAULT '0' COMMENT '分类,0:tags,1:title,2:intro,3:content',
  `timeline` int(11) NOT NULL COMMENT '时间'
) ENGINE=InnoDB DEFAULT CHARSET=utf8 COMMENT='标签使用表';

-- --------------------------------------------------------

--
-- 表的结构 `bees_upload`
--

CREATE TABLE IF NOT EXISTS `bees_upload` (
  `id` int(11) NOT NULL AUTO_INCREMENT,
  `name` varchar(255) DEFAULT NULL COMMENT '文件名',
  `size` int(11) DEFAULT NULL COMMENT '大小',
  `type` varchar(255) DEFAULT NULL COMMENT '类型',
  `url` varchar(100) DEFAULT NULL COMMENT '地址',
  `thumb` varchar(100) DEFAULT NULL COMMENT '缩略图',
  `deleteUrl` varchar(150) DEFAULT NULL COMMENT '删除',
  `alt` varbinary(30) DEFAULT NULL COMMENT '提示',
  `title` varbinary(100) DEFAULT NULL COMMENT '标题',
  `text` tinytext COMMENT '简介内容',
  `timeline` int(11) DEFAULT NULL COMMENT '时间线',
  PRIMARY KEY (`id`)
) ENGINE=MyISAM DEFAULT CHARSET=utf8 COMMENT='文件上传' AUTO_INCREMENT=1 ;

-- --------------------------------------------------------

--
-- 表的结构 `bees_video`
--

CREATE TABLE IF NOT EXISTS `bees_video` (
  `id` int(11) NOT NULL AUTO_INCREMENT,
  `cid` int(4) DEFAULT NULL COMMENT '栏目id',
  `sort_id` int(11) DEFAULT '0' COMMENT '排序',
  `audit` int(1) DEFAULT '0' COMMENT '0/1审核',
  `flag` int(1) NOT NULL DEFAULT '0' COMMENT '0:1推荐',
  `title` tinytext COMMENT '标题',
  `title_seo` tinytext COMMENT 'seo标题',
  `intro` varchar(500) DEFAULT NULL COMMENT '简介',
  `tags` tinytext COMMENT '标签',
  `content` text COMMENT '内容',
  `url` tinytext COMMENT '外链',
  `video` tinytext COMMENT '视频地址',
  `photo` tinytext COMMENT '封面',
  `thumb` tinytext COMMENT '封面缩略图',
  `show` int(1) DEFAULT '1' COMMENT '是否显示',
  `timeline` int(11) DEFAULT NULL COMMENT '创建时间',
  PRIMARY KEY (`id`)
) ENGINE=MyISAM  DEFAULT CHARSET=utf8 COMMENT='视频' AUTO_INCREMENT=2 ;

/*!40101 SET CHARACTER_SET_CLIENT=@OLD_CHARACTER_SET_CLIENT */;
/*!40101 SET CHARACTER_SET_RESULTS=@OLD_CHARACTER_SET_RESULTS */;
/*!40101 SET COLLATION_CONNECTION=@OLD_COLLATION_CONNECTION */;
